n,Âµ(G),min geodesic,max geodesic,slika_min,slika_max,graph6_min,graph6_max
3,1,6,6,slike_geodesic_min/graf_geodesic_min_mu1_n3.png,slike_geodesic_max/graf_geodesic_max_mu1_n3.png,Bw,Bw
4,1,10,12,slike_geodesic_min/graf_geodesic_min_mu1_n4.png,slike_geodesic_max/graf_geodesic_max_mu1_n4.png,CV,C]
5,1,15,18,slike_geodesic_min/graf_geodesic_min_mu1_n5.png,slike_geodesic_max/graf_geodesic_max_mu1_n5.png,DC{,DEw
6,1,21,26,slike_geodesic_min/graf_geodesic_min_mu1_n6.png,slike_geodesic_max/graf_geodesic_max_mu1_n6.png,E?bw,E?zO
7,1,28,35,slike_geodesic_min/graf_geodesic_min_mu1_n7.png,slike_geodesic_max/graf_geodesic_max_mu1_n7.png,F?AFw,F?`v?
8,1,36,46,slike_geodesic_min/graf_geodesic_min_mu1_n8.png,slike_geodesic_max/graf_geodesic_max_mu1_n8.png,G??CF{,G?`Db_
9,1,45,58,slike_geodesic_min/graf_geodesic_min_mu1_n9.png,slike_geodesic_max/graf_geodesic_max_mu1_n9.png,H???CB~,H?ABAqW
4,2,11,11,slike_geodesic_min/graf_geodesic_min_mu2_n4.png,slike_geodesic_max/graf_geodesic_max_mu2_n4.png,C^,C^
5,2,15,20,slike_geodesic_min/graf_geodesic_min_mu2_n5.png,slike_geodesic_max/graf_geodesic_max_mu2_n5.png,DQ{,DFw
6,2,21,29,slike_geodesic_min/graf_geodesic_min_mu2_n6.png,slike_geodesic_max/graf_geodesic_max_mu2_n6.png,ECRw,EEj_
7,2,28,39,slike_geodesic_min/graf_geodesic_min_mu2_n7.png,slike_geodesic_max/graf_geodesic_max_mu2_n7.png,F?`Fw,FCpf?
8,2,36,53,slike_geodesic_min/graf_geodesic_min_mu2_n8.png,slike_geodesic_max/graf_geodesic_max_mu2_n8.png,G?AAF{,G?B@v_
9,2,45,71,slike_geodesic_min/graf_geodesic_min_mu2_n9.png,slike_geodesic_max/graf_geodesic_max_mu2_n9.png,H??CAB~,H??F?zW
4,3,10,10,slike_geodesic_min/graf_geodesic_min_mu3_n4.png,slike_geodesic_max/graf_geodesic_max_mu3_n4.png,C~,C~
5,3,15,19,slike_geodesic_min/graf_geodesic_min_mu3_n5.png,slike_geodesic_max/graf_geodesic_max_mu3_n5.png,DT{,D]w
6,3,21,32,slike_geodesic_min/graf_geodesic_min_mu3_n6.png,slike_geodesic_max/graf_geodesic_max_mu3_n6.png,ECfw,EEz_
7,3,28,44,slike_geodesic_min/graf_geodesic_min_mu3_n7.png,slike_geodesic_max/graf_geodesic_max_mu3_n7.png,F?aNw,FCZf?
8,3,36,60,slike_geodesic_min/graf_geodesic_min_mu3_n8.png,slike_geodesic_max/graf_geodesic_max_mu3_n8.png,G?ACN{,G?`vF?
9,3,45,77,slike_geodesic_min/graf_geodesic_min_mu3_n9.png,slike_geodesic_max/graf_geodesic_max_mu3_n9.png,H??CCF~,H?B@tao
5,4,17,19,slike_geodesic_min/graf_geodesic_min_mu4_n5.png,slike_geodesic_max/graf_geodesic_max_mu4_n5.png,DV{,D]{
6,4,21,33,slike_geodesic_min/graf_geodesic_min_mu4_n6.png,slike_geodesic_max/graf_geodesic_max_mu4_n6.png,EQjw,EFz_
7,4,28,47,slike_geodesic_min/graf_geodesic_min_mu4_n7.png,slike_geodesic_max/graf_geodesic_max_mu4_n7.png,FCQVw,F?zV_
8,4,36,62,slike_geodesic_min/graf_geodesic_min_mu4_n8.png,slike_geodesic_max/graf_geodesic_max_mu4_n8.png,G?`CV{,G?ovF_
9,4,45,83,slike_geodesic_min/graf_geodesic_min_mu4_n9.png,slike_geodesic_max/graf_geodesic_max_mu4_n9.png,H?AACJ~,H?B@pro
5,5,17,17,slike_geodesic_min/graf_geodesic_min_mu5_n5.png,slike_geodesic_max/graf_geodesic_max_mu5_n5.png,D^{,D^{
6,5,23,31,slike_geodesic_min/graf_geodesic_min_mu5_n6.png,slike_geodesic_max/graf_geodesic_max_mu5_n6.png,EEvw,EFzo
7,5,29,49,slike_geodesic_min/graf_geodesic_min_mu5_n7.png,slike_geodesic_max/graf_geodesic_max_mu5_n7.png,FCdfw,F?zv_
8,5,36,70,slike_geodesic_min/graf_geodesic_min_mu5_n8.png,slike_geodesic_max/graf_geodesic_max_mu5_n8.png,GCOcf{,G?ovf_
9,5,45,94,slike_geodesic_min/graf_geodesic_min_mu5_n9.png,slike_geodesic_max/graf_geodesic_max_mu5_n9.png,H?`@CR~,H?B@vbo
5,6,15,15,slike_geodesic_min/graf_geodesic_min_mu6_n5.png,slike_geodesic_max/graf_geodesic_max_mu6_n5.png,D~{,D~{
6,6,21,30,slike_geodesic_min/graf_geodesic_min_mu6_n6.png,slike_geodesic_max/graf_geodesic_max_mu6_n6.png,ETnw,EFzw
7,6,28,49,slike_geodesic_min/graf_geodesic_min_mu6_n7.png,slike_geodesic_max/graf_geodesic_max_mu6_n7.png,FCe^w,F?~v_
8,6,36,72,slike_geodesic_min/graf_geodesic_min_mu6_n8.png,slike_geodesic_max/graf_geodesic_max_mu6_n8.png,G?aK^{,G?zTf_
9,6,45,96,slike_geodesic_min/graf_geodesic_min_mu6_n9.png,slike_geodesic_max/graf_geodesic_max_mu6_n9.png,H?ACKN~,H?r@fbo
6,7,24,30,slike_geodesic_min/graf_geodesic_min_mu7_n6.png,slike_geodesic_max/graf_geodesic_max_mu7_n6.png,ET~w,E]~o
7,7,28,47,slike_geodesic_min/graf_geodesic_min_mu7_n7.png,slike_geodesic_max/graf_geodesic_max_mu7_n7.png,FQinw,FFzf_
8,7,36,74,slike_geodesic_min/graf_geodesic_min_mu7_n8.png,slike_geodesic_max/graf_geodesic_max_mu7_n8.png,GCQSn{,G?zVf_
9,7,45,99,slike_geodesic_min/graf_geodesic_min_mu7_n9.png,slike_geodesic_max/graf_geodesic_max_mu7_n9.png,H?`CSV~,H?ovFbo
6,8,25,27,slike_geodesic_min/graf_geodesic_min_mu8_n6.png,slike_geodesic_max/graf_geodesic_max_mu8_n6.png,EV~w,E]~w
7,8,32,46,slike_geodesic_min/graf_geodesic_min_mu8_n7.png,slike_geodesic_max/graf_geodesic_max_mu8_n7.png,FCv^w,FFzfo
8,8,37,74,slike_geodesic_min/graf_geodesic_min_mu8_n8.png,slike_geodesic_max/graf_geodesic_max_mu8_n8.png,GCdcv{,G?zvf_
9,8,45,105,slike_geodesic_min/graf_geodesic_min_mu8_n9.png,slike_geodesic_max/graf_geodesic_max_mu8_n9.png,HCOccf~,H?ovfbo
10,1,55,72,slike_geodesic_min/graf_geodesic_min_mu1_n10.png,slike_geodesic_max/graf_max_mu1_n10.png,I???CB~O?,IEGaS?_Q?
11,1,66,87,slike_geodesic_min/graf_geodesic_min_mu1_n11.png,slike_geodesic_max/graf_max_mu1_n11.png,J???CB~O@??,JEGaS?_QA??
12,1,78,104,slike_geodesic_min/graf_geodesic_min_mu1_n12.png,slike_geodesic_max/graf_max_mu1_n12.png,K???CB~O@?A?,KCI?[C_O?OW?
13,1,91,122,slike_geodesic_min/graf_geodesic_min_mu1_n13.png,slike_geodesic_max/graf_max_mu1_n13.png,L???CB~O@?A?A?,LCI?[C_O?OW?_?
14,1,105,142,slike_geodesic_min/graf_geodesic_min_mu1_n14.png,slike_geodesic_max/graf_max_mu1_n14.png,M???CB~O@?A?A?@??,M_`?GC?IC?a??L@??
15,1,120,163,slike_geodesic_min/graf_geodesic_min_mu1_n15.png,slike_geodesic_max/graf_max_mu1_n15.png,N???CB~O@?A?A?@??O?,N_`?GC?IC?a??L@??A?
16,1,136,186,slike_geodesic_min/graf_geodesic_min_mu1_n16.png,slike_geodesic_max/graf_max_mu1_n16.png,O???CB~O@?A?A?@??O??_,O_`@G_?GC??C?G@??Q?Ag
17,1,153,210,slike_geodesic_min/graf_geodesic_min_mu1_n17.png,slike_geodesic_max/graf_max_mu1_n17.png,P???CB~O@?A?A?@??O??_?A?,P_`@G_?GC??C?G@??Q?Ag_??
18,1,171,236,slike_geodesic_min/graf_geodesic_min_mu1_n18.png,slike_geodesic_max/graf_max_mu1_n18.png,Q???CB~O@?A?A?@??O??_?A??C?,QC@?G??IO???A?AH?O?@OgO?S??
19,1,190,263,slike_geodesic_min/graf_geodesic_min_mu1_n19.png,slike_geodesic_max/graf_max_mu1_n19.png,R???CB~O@?A?A?@??O??_?A??C??C?,RC@?G??IO???A?AH?O?@OgO?S??O??
20,1,210,292,slike_geodesic_min/graf_geodesic_min_mu1_n20.png,slike_geodesic_max/graf_max_mu1_n20.png,S???CB~O@?A?A?@??O??_?A??C??C??A?,SC@?G??IO????_AH?A?@OgO?S??G??O??
21,1,231,322,slike_geodesic_min/graf_geodesic_min_mu1_n21.png,slike_geodesic_max/graf_max_mu1_n21.png,T???CB~O@?A?A?@??O??_?A??C??C??A???_,TC@?G??IO????_AH?A?@OgO?S??G??O??C??
22,1,253,354,slike_geodesic_min/graf_geodesic_min_mu1_n22.png,slike_geodesic_max/graf_max_mu1_n22.png,U???CB~O@?A?A?@??O??_?A??C??C??A???_??C?,UC@?G??IO????@AH?A?@OgO?S??G??O??C??@???
23,1,276,387,slike_geodesic_min/graf_geodesic_min_mu1_n23.png,slike_geodesic_max/graf_max_mu1_n23.png,V???CB~O@?A?A?@??O??_?A??C??C??A???_??C???O?,VC@?G??IO????@AH?A?@OgO?S??G??O??C??@???G???
24,1,300,422,slike_geodesic_min/graf_geodesic_min_mu1_n24.png,slike_geodesic_max/graf_max_mu1_n24.png,W???CB~O@?A?A?@??O??_?A??C??C??A???_??C???O???_,WC@????IOC???@AB?A?@OgO?S??G???C?C??@???G???_??
25,1,325,458,slike_geodesic_min/graf_geodesic_min_mu1_n25.png,slike_geodesic_max/graf_max_mu1_n25.png,X???CB~O@?A?A?@??O??_?A??C??C??A???_??C???O???_???_,XC@????IOC???@AB?A?@OgO?S??G???C?C??@???G???_??@???
26,1,351,496,slike_geodesic_min/graf_geodesic_min_mu1_n26.png,slike_geodesic_max/graf_max_mu1_n26.png,Y???CB~O@?A?A?@??O??_?A??C??C??A???_??C???O???_???_???O?,Y_????@??C?_A@A@?G@@??g?O?????@??C??CC?_?G????GI???P??C?
27,1,378,535,slike_geodesic_min/graf_geodesic_min_mu1_n27.png,slike_geodesic_max/graf_max_mu1_n27.png,Z???CB~O@?A?A?@??O??_?A??C??C??A???_??C???O???_???_???O???C?,Z_????@??C?_A@A@?G@@??g?O?????@??C??CC?_?G????GI???P??C?C???
28,1,406,576,slike_geodesic_min/graf_geodesic_min_mu1_n28.png,slike_geodesic_max/graf_max_mu1_n28.png,[???CB~O@?A?A?@??O??_?A??C??C??A???_??C???O???_???_???O???C????_,[_C???@@?_C?A@A@?G@???C????C????GC??_??_?GC??@?C??P??A???E?????A
29,1,435,618,slike_geodesic_min/graf_geodesic_min_mu1_n29.png,slike_geodesic_max/graf_max_mu1_n29.png,\???CB~O@?A?A?@??O??_?A??C??C??A???_??C???O???_???_???O???C????_???A?,\_C???@@?_C?A@A@?G@???C????C????GC??_??_?GC??@?C??P??A???E?????A?@???
30,1,465,662,slike_geodesic_min/graf_geodesic_min_mu1_n30.png,slike_geodesic_max/graf_max_mu1_n30.png,]???CB~O@?A?A?@??O??_?A??C??C??A???_??C???O???_???_???O???C????_???A????C?,]_C?A?@@????A@A@?G@???C????C????G_??_A?_?GC??B?C??P??A???C?????A?@????C???
10,2,55,85,slike_geodesic_min/graf_min_mu2_n10.png,slike_geodesic_max/graf_geodesic_max_mu2_n10.png,I??CAB~G?,I??F?zW?G
11,2,66,113,slike_geodesic_min/graf_min_mu2_n11.png,slike_geodesic_max/graf_geodesic_max_mu2_n11.png,J??CAB~G?_?,J?Ac?HW[O@?
12,2,78,137,slike_geodesic_min/graf_min_mu2_n12.png,slike_geodesic_max/graf_geodesic_max_mu2_n12.png,K??CAB~G?_@?,K?Ac?HW[O@?C
13,2,91,165,slike_geodesic_min/graf_min_mu2_n13.png,slike_geodesic_max/graf_geodesic_max_mu2_n13.png,L??CAB~G?_@?@?,L?As?HGWO@_C?G
14,2,105,194,slike_geodesic_min/graf_min_mu2_n14.png,slike_geodesic_max/graf_geodesic_max_mu2_n14.png,M??CAB~G?_@?@??C?,M?As?HGWO@_C?G?G?
15,2,120,227,slike_geodesic_min/graf_min_mu2_n15.png,slike_geodesic_max/graf_geodesic_max_mu2_n15.png,N??CAB~G?_@?@??C?@?,N?As?HGWO@_CC??G??G
16,2,136,261,slike_geodesic_min/graf_min_mu2_n16.png,slike_geodesic_max/graf_geodesic_max_mu2_n16.png,O??CAB~G?_@?@??C?@??G,O?As?HGWO@_CC??G??G@?
17,2,153,299,slike_geodesic_min/graf_min_mu2_n17.png,slike_geodesic_max/graf_geodesic_max_mu2_n17.png,P??CAB~G?_@?@??C?@??G??_,P?As?HGWO@_CC??G?_?@??G?
18,2,171,338,slike_geodesic_min/graf_min_mu2_n18.png,slike_geodesic_max/graf_geodesic_max_mu2_n18.png,Q??CAB~G?_@?@??C?@??G??_?@?,Q?As?HGWO@_CC??G?_?@??G??_?
19,2,190,381,slike_geodesic_min/graf_min_mu2_n19.png,slike_geodesic_max/graf_geodesic_max_mu2_n19.png,R??CAB~G?_@?@??C?@??G??_?@??@?,R?As?H?WO@?CC??G????O?K?I??@@?
20,2,210,425,slike_geodesic_min/graf_min_mu2_n20.png,slike_geodesic_max/graf_geodesic_max_mu2_n20.png,S??CAB~G?_@?@??C?@??G??_?@??@???_,S?As?H?WO@?CC??G????O?K?I??@@?@??
21,2,231,473,slike_geodesic_min/graf_min_mu2_n21.png,slike_geodesic_max/graf_geodesic_max_mu2_n21.png,T??CAB~G?_@?@??C?@??G??_?@??@???_??G,T??{?H?WO??OC????@?@??K?I??@B?@???_?
22,2,253,522,slike_geodesic_min/graf_min_mu2_n22.png,slike_geodesic_max/graf_geodesic_max_mu2_n22.png,U??CAB~G?_@?@??C?@??G??_?@??@???_??G??@?,U??{?H?WO??OC????@?@??K?I??@B?@???_??G??
23,2,276,575,slike_geodesic_min/graf_min_mu2_n23.png,slike_geodesic_max/graf_geodesic_max_mu2_n23.png,V??CAB~G?_@?@??C?@??G??_?@??@???_??G??@???C?,V?_cGH?WS??_c??????@_????_??B???C?__??Q??O??
24,2,300,629,slike_geodesic_min/graf_min_mu2_n24.png,slike_geodesic_max/graf_geodesic_max_mu2_n24.png,W??CAB~G?_@?@??C?@??G??_?@??@???_??G??@???C???G,W?_cGH?WS??_c??????@_????_??B???C?__??Q??O?O???
25,2,325,687,slike_geodesic_min/graf_min_mu2_n25.png,slike_geodesic_max/graf_geodesic_max_mu2_n25.png,X??CAB~G?_@?@??C?@??G??_?@??@???_??G??@???C???G???G,X?K?GH??o???@??G?C?@_?A??o??AC?C??_???I@???A__????C
26,2,351,746,slike_geodesic_min/graf_min_mu2_n26.png,slike_geodesic_max/graf_geodesic_max_mu2_n26.png,Y??CAB~G?_@?@??C?@??G??_?@??@???_??G??@???C???G???G???C?,Y?K?GH??o???@??G?C?@_?A??o??AC?C??_???I@???A__????C?G???
27,2,378,809,slike_geodesic_min/graf_min_mu2_n27.png,slike_geodesic_max/graf_geodesic_max_mu2_n27.png,Z??CAB~G?_@?@??C?@??G??_?@??@???_??G??@???C???G???G???C???@?,Z?G?GG??o?????A??C?@_????o?GACOC??_?O@I@????_???A?????_AD???
28,2,406,873,slike_geodesic_min/graf_min_mu2_n28.png,slike_geodesic_max/graf_geodesic_max_mu2_n28.png,[??CAB~G?_@?@??C?@??G??_?@??@???_??G??@???C???G???G???C???@????G,[?G?GG??o?????A??C?@_????o?GACOC??_?O@I@????_???A?????_AD???@???
29,2,435,941,slike_geodesic_min/graf_min_mu2_n29.png,slike_geodesic_max/graf_geodesic_max_mu2_n29.png,\??CAB~G?_@?@??C?@??G??_?@??@???_??G??@???C???G???G???C???@????G????_,\?G?GG??o?????A@?C?@_????o?GACOC??_?O?I@????_???A?????_AD???@????G???
30,2,465,1010,slike_geodesic_min/graf_min_mu2_n30.png,slike_geodesic_max/graf_geodesic_max_mu2_n30.png,]??CAB~G?_@?@??C?@??G??_?@??@???_??G??@???C???G???G???C???@????G????_???@?,]?G?GG??o?????A@?C?@_????o?GACOC??_?O?I@????_???A?????_AD???@????G????_???
10,3,55,98,slike_geodesic_min/graf_geodesic_min_mu3_n10.png,slike_geodesic_max/graf_max_mu3_n10.png,I??CCF~O?,ID_d@?YQ?
11,3,66,122,slike_geodesic_min/graf_geodesic_min_mu3_n11.png,slike_geodesic_max/graf_max_mu3_n11.png,J??CCF~O@??,J_??A`QhPW?
12,3,78,146,slike_geodesic_min/graf_geodesic_min_mu3_n12.png,slike_geodesic_max/graf_max_mu3_n12.png,K??CCF~O@?A?,KF@D?DGw???H
13,3,91,190,slike_geodesic_min/graf_geodesic_min_mu3_n13.png,slike_geodesic_max/graf_max_mu3_n13.png,L??CCF~O@?A?A?,LW?S_R?OOGGG@_
14,3,105,252,slike_geodesic_min/graf_geodesic_min_mu3_n14.png,slike_geodesic_max/graf_max_mu3_n14.png,M??CCF~O@?A?A?@??,M@??Ab?BcW?D?C?W?
15,3,120,300,slike_geodesic_min/graf_geodesic_min_mu3_n15.png,slike_geodesic_max/graf_max_mu3_n15.png,N??CCF~O@?A?A?@??A?,N@??Ab?BcW?D?C?W?O?
16,3,136,334,slike_geodesic_min/graf_geodesic_min_mu3_n16.png,slike_geodesic_max/graf_max_mu3_n16.png,O??CCF~O@?A?A?@??A??O,O@??Ab?BcW?D?C?W?O?@?
17,3,153,413,slike_geodesic_min/graf_geodesic_min_mu3_n17.png,slike_geodesic_max/graf_max_mu3_n17.png,P??CCF~O@?A?A?@??A??O?@?,PC??AD?F?W?O?I?WCO?@OC??
18,3,171,478,slike_geodesic_min/graf_geodesic_min_mu3_n18.png,slike_geodesic_max/graf_max_mu3_n18.png,Q??CCF~O@?A?A?@??A??O?@??A?,Q??C?A?N?W?S?I??GW?@O??G_@?
19,3,190,544,slike_geodesic_min/graf_geodesic_min_mu3_n19.png,slike_geodesic_max/graf_max_mu3_n19.png,R??CCF~O@?A?A?@??A??O?@??A??A?,R??C_A?J?W?S?I?OGO?@O??G?@@A??
20,3,210,618,slike_geodesic_min/graf_geodesic_min_mu3_n20.png,slike_geodesic_max/graf_max_mu3_n20.png,S??CCF~O@?A?A?@??A??O?@??A??A??@?,S??C_A?J?W?S?I?OGO?@O??G?@@A??C??
21,3,231,693,slike_geodesic_min/graf_geodesic_min_mu3_n21.png,slike_geodesic_max/graf_max_mu3_n21.png,T??CCF~O@?A?A?@??A??O?@??A??A??@???O,T??C_A?J?W?S?I?OGO?@O??G?@@A??C??A??
22,3,253,776,slike_geodesic_min/graf_geodesic_min_mu3_n22.png,slike_geodesic_max/graf_max_mu3_n22.png,U??CCF~O@?A?A?@??A??O?@??A??A??@???O??A?,U??C?a?J?W?S?I?OGO?@O??G?@@A??C??A???_??
23,3,276,860,slike_geodesic_min/graf_geodesic_min_mu3_n23.png,slike_geodesic_max/graf_max_mu3_n23.png,V??CCF~O@?A?A?@??A??O?@??A??A??@???O??A???G?,V??C?a?J?W?S?I?OGO?@O??G?@@A??C??A???_??C???
24,3,300,952,slike_geodesic_min/graf_geodesic_min_mu3_n24.png,slike_geodesic_max/graf_max_mu3_n24.png,W??CCF~O@?A?A?@??A??O?@??A??A??@???O??A???G???O,W??C@A?J?W?S?I?O?O?@OC?G?@?A???A?A???_?AC?????G
25,3,325,1045,slike_geodesic_min/graf_geodesic_min_mu3_n25.png,slike_geodesic_max/graf_max_mu3_n25.png,X??CCF~O@?A?A?@??A??O?@??A??A??@???O??A???G???O???O,X??C@A?J?W?S?I?O?O?@OC?G?@?A???A?A???_?AC?????G?_??
26,3,351,1146,slike_geodesic_min/graf_geodesic_min_mu3_n26.png,slike_geodesic_max/graf_max_mu3_n26.png,Y??CCF~O@?A?A?@??A??O?@??A??A??@???O??A???G???O???O???G?,Y??C@A?J?W?S?I?O?O?@OC?G?@?A???A???@?_?AC?????G?_???_???
27,3,378,1248,slike_geodesic_min/graf_geodesic_min_mu3_n27.png,slike_geodesic_max/graf_max_mu3_n27.png,Z??CCF~O@?A?A?@??A??O?@??A??A??@???O??A???G???O???O???G???A?,Z??C@A?J?W?S?I?O?O?@OC?G?@?A???A???@?_?AC?????G?_???_???O???
28,3,406,1358,slike_geodesic_min/graf_geodesic_min_mu3_n28.png,slike_geodesic_max/graf_max_mu3_n28.png,[??CCF~O@?A?A?@??A??O?@??A??A??@???O??A???G???O???O???G???A????O,[??C?a?B?W?O?I?O?O?@O????@@?????GO???_?BC???I@??_???_?????G?D???
29,3,435,1469,slike_geodesic_min/graf_geodesic_min_mu3_n29.png,slike_geodesic_max/graf_max_mu3_n29.png,\??CCF~O@?A?A?@??A??O?@??A??A??@???O??A???G???O???O???G???A????O???@?,\??C?a?B?W?O?I?O?O?@O????@@?????GO???_?BC???I@??_???_?????G?D????_???
30,3,465,1588,slike_geodesic_min/graf_geodesic_min_mu3_n30.png,slike_geodesic_max/graf_max_mu3_n30.png,]??CCF~O@?A?A?@??A??O?@??A??A??@???O??A???G???O???O???G???A????O???@????A?,]G?C?a?B?W???IO??O?@OG??????????W??_?C???A?_?G?C_???@?????S?D????_??O??G??
10,4,55,111,slike_geodesic_min/graf_min_mu4_n10.png,slike_geodesic_max/graf_geodesic_max_mu4_n10.png,I?AACJ~G?,IoO[PA@P_
11,4,66,145,slike_geodesic_min/graf_min_mu4_n11.png,slike_geodesic_max/graf_geodesic_max_mu4_n11.png,J?AACJ~G?_?,JacJ?C?c`B?
12,4,78,182,slike_geodesic_min/graf_min_mu4_n12.png,slike_geodesic_max/graf_geodesic_max_mu4_n12.png,K?AACJ~G?_@?,Kag@D@?@aQCA
13,4,91,225,slike_geodesic_min/graf_min_mu4_n13.png,slike_geodesic_max/graf_geodesic_max_mu4_n13.png,L?AACJ~G?_@??C,LR`_SD?O??DG?a
14,4,105,283,slike_geodesic_min/graf_min_mu4_n14.png,slike_geodesic_max/graf_geodesic_max_mu4_n14.png,M?AACJ~G?_@??C?A?,MACDL?C?OOa@?g?Q?
15,4,120,356,slike_geodesic_min/graf_min_mu4_n15.png,slike_geodesic_max/graf_geodesic_max_mu4_n15.png,N?AACJ~G?_@??C?A??_,NAC@KG??UOaC?o?Q?O?
16,4,136,424,slike_geodesic_min/graf_min_mu4_n16.png,slike_geodesic_max/graf_geodesic_max_mu4_n16.png,O?AACJ~G?_@??C?A??_?C,OAC@KGO?UO_C?o?Q?O@??
17,4,153,504,slike_geodesic_min/graf_min_mu4_n17.png,slike_geodesic_max/graf_geodesic_max_mu4_n17.png,P?AACJ~G?_@??C?A??_?C??O,PACDCGO?QW_C?o?QC?@???G?
18,4,171,585,slike_geodesic_min/graf_min_mu4_n18.png,slike_geodesic_max/graf_geodesic_max_mu4_n18.png,Q?AACJ~G?_@??C?A??_?C??O??_,QACDCGO?QW_C?o?QC?@???G??C?
19,4,190,693,slike_geodesic_min/graf_min_mu4_n19.png,slike_geodesic_max/graf_geodesic_max_mu4_n19.png,R?AACJ~G?_@??C?A??_?C??O??_??_,RACD?G??QOaC?O?QC_S??g?A????G?
20,4,210,807,slike_geodesic_min/graf_min_mu4_n20.png,slike_geodesic_max/graf_geodesic_max_mu4_n20.png,S?AACJ~G?_@??C?A??_?C??O??_??_??O,SACD?G??QOaC?O?QC_S??g?A????GC???
21,4,231,928,slike_geodesic_min/graf_min_mu4_n21.png,slike_geodesic_max/graf_geodesic_max_mu4_n21.png,T?AACJ~G?_@??C?A??_?C??O??_??_??O??C,TACD?G??QOaC?O?QC_O??g????O?G?@?A??O
22,4,253,1059,slike_geodesic_min/graf_min_mu4_n22.png,slike_geodesic_max/graf_geodesic_max_mu4_n22.png,U?AACJ~G?_@??C?A??_?C??O??_??_??O??C???_,UACD?G??QOaC?O?QC_O??g????O??_??A??OC??O
23,4,276,1197,slike_geodesic_min/graf_min_mu4_n23.png,slike_geodesic_max/graf_geodesic_max_mu4_n23.png,V?AACJ~G?_@??C?A??_?C??O??_??_??O??C???_??A?,VACD?G??QOaC?O?QC_O??g????O??_??A??OC??O_???
24,4,300,1345,slike_geodesic_min/graf_min_mu4_n24.png,slike_geodesic_max/graf_geodesic_max_mu4_n24.png,W?AACJ~G?_@??C?A??_?C??O??_??_??O??C???_??A???C,WACD?G??QOaC?O?QC_O??g????O??_??E??OC???_????_?
25,4,325,1500,slike_geodesic_min/graf_min_mu4_n25.png,slike_geodesic_max/graf_geodesic_max_mu4_n25.png,X?AACJ~G?_@??C?A??_?C??O??_??_??O??C???_??A???C???C,XACD?G??QOaC?O?QC_O??g????O??_??E??OC???_????_?C???
26,4,351,1665,slike_geodesic_min/graf_min_mu4_n26.png,slike_geodesic_max/graf_geodesic_max_mu4_n26.png,Y?AACJ~G?_@??C?A??_?C??O??_??_??O??C???_??A???C???C???A?,YACD?G??QO_C?O?QC_O??g????O??C??C??QC?????????_???ACG??_
27,4,378,1837,slike_geodesic_min/graf_min_mu4_n27.png,slike_geodesic_max/graf_geodesic_max_mu4_n27.png,Z?AACJ~G?_@??C?A??_?C??O??_??_??O??C???_??A???C???C???A????_,ZACD?G??QO_C?O?QC_O??g????O??C??C??QC?????????_???ACG??a????
28,4,406,2019,slike_geodesic_min/graf_min_mu4_n28.png,slike_geodesic_max/graf_geodesic_max_mu4_n28.png,[?AACJ~G?_@??C?A??_?C??O??_??_??O??C???_??A???C???C???A????_???C,[ACD?G??QO_C?O?QC_S??g???????C??C????G???????A_???B?@???C?C?_??A
29,4,435,2208,slike_geodesic_min/graf_min_mu4_n29.png,slike_geodesic_max/graf_geodesic_max_mu4_n29.png,\?AACJ~G?_@??C?A??_?C??O??_??_??O??C???_??A???C???C???A????_???C????O,\ACD?G??QO_??O?QC_S??g???????C??C?C???????????o???BCG?C?C_?????A????O
30,4,465,2407,slike_geodesic_min/graf_min_mu4_n30.png,slike_geodesic_max/graf_geodesic_max_mu4_n30.png,]?AACJ~G?_@??C?A??_?C??O??_??_??O??C???_??A???C???C???A????_???C????O????_,]ACD?G??QO_??O?QC_S??g???????C??C?C???????????O???JC??C?C?_?@??A????O????_
10,5,55,119,slike_geodesic_min/graf_min_mu5_n10.png,slike_geodesic_max/graf_geodesic_max_mu5_n10.png,I?`@CR~C?,I?B@vbo?_
11,5,66,159,slike_geodesic_min/graf_min_mu5_n11.png,slike_geodesic_max/graf_geodesic_max_mu5_n11.png,J?`@CR~C??_,JI@COE`OLA_
12,5,78,200,slike_geodesic_min/graf_min_mu5_n12.png,slike_geodesic_max/graf_geodesic_max_mu5_n12.png,K?`@CR~C??_@,KHS_O@Q@QgOO
13,5,91,242,slike_geodesic_min/graf_min_mu5_n13.png,slike_geodesic_max/graf_geodesic_max_mu5_n13.png,L?`@CR~C??_@?@,LG?S?GoOH?eAqA
14,5,105,292,slike_geodesic_min/graf_min_mu5_n14.png,slike_geodesic_max/graf_geodesic_max_mu5_n14.png,M?`@CR~C??_@?@??_,MW??wGAGEP??G@qG?
15,5,120,365,slike_geodesic_min/graf_min_mu5_n15.png,slike_geodesic_max/graf_geodesic_max_mu5_n15.png,N?`@CR~C??_@?@??_?G,NW??OcA@EO?AG@qGC?_
16,5,136,484,slike_geodesic_min/graf_min_mu5_n16.png,slike_geodesic_max/graf_geodesic_max_mu5_n16.png,O?`@CR~C??_@?@??_?G?@,OW??O?ADU@?_G@oGC?_?g
17,5,153,578,slike_geodesic_min/graf_min_mu5_n17.png,slike_geodesic_max/graf_geodesic_max_mu5_n17.png,P?`@CR~C??_@?@??_?G?@??C,PW??W?ACU@AGG@oGC?_?_?C?
18,5,171,675,slike_geodesic_min/graf_min_mu5_n18.png,slike_geodesic_max/graf_geodesic_max_mu5_n18.png,Q?`@CR~C??_@?@??_?G?@??C??G,QW????EEU@AGG@?GC?_O??CC_C?
19,5,190,794,slike_geodesic_min/graf_min_mu5_n19.png,slike_geodesic_max/graf_geodesic_max_mu5_n19.png,R?`@CR~C??_@?@??_?G?@??C??G??G,RW?@???EUHAGG@??C?_??A?C_C?HA?
20,5,210,1059,slike_geodesic_min/graf_min_mu5_n20.png,slike_geodesic_max/graf_geodesic_max_mu5_n20.png,S?`@CR~C??_@?@??_?G?@??C??G??G??C,SO@????CSDAGG@@?C?_?_A?C_C?L?@?O?
21,5,231,1224,slike_geodesic_min/graf_min_mu5_n21.png,slike_geodesic_max/graf_geodesic_max_mu5_n21.png,T?`@CR~C??_@?@??_?G?@??C??G??G??C??@,TO@????CSDAGG@??C?_?aA?C_C?L?@?O???A
22,5,253,1409,slike_geodesic_min/graf_min_mu5_n22.png,slike_geodesic_max/graf_geodesic_max_mu5_n22.png,U?`@CR~C??_@?@??_?G?@??C??G??G??C??@???G,UO@????ESDAGG@A?C?_?A??O_C?D?????C?BGA??
23,5,276,1599,slike_geodesic_min/graf_min_mu5_n23.png,slike_geodesic_max/graf_geodesic_max_mu5_n23.png,V?`@CR~C??_@?@??_?G?@??C??G??G??C??@???G???_,VP??????Sd?GG@??C?_?AOCO?S?T??W????@@??@?O??
24,5,300,1809,slike_geodesic_min/graf_min_mu5_n24.png,slike_geodesic_max/graf_geodesic_max_mu5_n24.png,W?`@CR~C??_@?@??_?G?@??C??G??G??C??@???G???_??@,WP??????Sd?GG@??C?_?AOCO?S?T??W????@@??@?O???A?
25,5,325,2024,slike_geodesic_min/graf_min_mu5_n25.png,slike_geodesic_max/graf_geodesic_max_mu5_n25.png,X?`@CR~C??_@?@??_?G?@??C??G??G??C??@???G???_??@???@,X`??????Od?GG@O?C?_???CS?S?D??W????@???h?G???@?GA??
26,5,351,2521,slike_geodesic_min/graf_min_mu5_n26.png,slike_geodesic_max/graf_geodesic_max_mu5_n26.png,Y?`@CR~C??_@?@??_?G?@??C??G??G??C??@???G???_??@???@????_,Y`??????Od?GG@_?@???A?CO?S?L????CK?@???H?G???G?GA?????C?
27,5,378,2843,slike_geodesic_min/graf_min_mu5_n27.png,slike_geodesic_max/graf_geodesic_max_mu5_n27.png,Z?`@CR~C??_@?@??_?G?@??C??G??G??C??@???G???_??@???@????_???G,Z`??????Od?GG@??@???AOCO?S?L????CC?`???H?G???G?GA?????C??C??
28,5,406,3015,slike_geodesic_min/graf_min_mu5_n28.png,slike_geodesic_max/graf_geodesic_max_mu5_n28.png,[?`@CR~C??_@?@??_?G?@??C??G??G??C??@???G???_??@???@????_???G???@,[`??????Od?G?@??@??O?OCO?S?L????CC?@???H?G???G?GA?????C??CC@?G??
29,5,435,3490,slike_geodesic_min/graf_min_mu5_n29.png,slike_geodesic_max/graf_geodesic_max_mu5_n29.png,\?`@CR~C??_@?@??_?G?@??C??G??G??C??@???G???_??@???@????_???G???@????C,\@???????d???D??@G???oCO?S?L????CC?@??KH?G???G?GA?????C??A?@?G????A??
30,5,465,3846,slike_geodesic_min/graf_min_mu5_n30.png,slike_geodesic_max/graf_geodesic_max_mu5_n30.png,]?`@CR~C??_@?@??_?G?@??C??G??G??C??@???G???_??@???@????_???G???@????C????G,]@???????d???D??@G???oCO?S?L????CC?@??KH?G???G?GA?????C??A?@?G????A????G??
10,6,55,128,slike_geodesic_min/graf_geodesic_min_mu6_n10.png,slike_geodesic_max/graf_max_mu6_n10.png,I?ACKN~O?,IKQHSPAPo
11,6,66,160,slike_geodesic_min/graf_geodesic_min_mu6_n11.png,slike_geodesic_max/graf_max_mu6_n11.png,J?ACKN~O@??,Jr?Gk_SG{??
12,6,78,225,slike_geodesic_min/graf_geodesic_min_mu6_n12.png,slike_geodesic_max/graf_max_mu6_n12.png,K?ACKN~O@?A?,KDgY?o?oOCcc
13,6,91,266,slike_geodesic_min/graf_geodesic_min_mu6_n13.png,slike_geodesic_max/graf_max_mu6_n13.png,L?ACKN~O@?A?A?,LQ?YKOAOG?bO@P
14,6,105,328,slike_geodesic_min/graf_geodesic_min_mu6_n14.png,slike_geodesic_max/graf_max_mu6_n14.png,M?ACKN~O@?A?A??C?,MKhHK??Od??E?@O`?
15,6,120,395,slike_geodesic_min/graf_geodesic_min_mu6_n15.png,slike_geodesic_max/graf_max_mu6_n15.png,N?ACKN~O@?A?A??C?@?,N?hGG?@?TG?EO@O`U??
16,6,136,537,slike_geodesic_min/graf_geodesic_min_mu6_n16.png,slike_geodesic_max/graf_max_mu6_n16.png,O?ACKN~O@?A?A??C?@??G,O?HGK???OB?GOdOdE?@G?
17,6,153,637,slike_geodesic_min/graf_geodesic_min_mu6_n17.png,slike_geodesic_max/graf_max_mu6_n17.png,P?ACKN~O@?A?A??C?@??G??_,P?HGK???OB?GOdOdE?@G?G??
18,6,171,753,slike_geodesic_min/graf_geodesic_min_mu6_n18.png,slike_geodesic_max/graf_max_mu6_n18.png,Q?ACKN~O@?A?A??C?@??G??_?@?,Q?HGK?@?S@?GO`OdE???OG??c??
19,6,190,914,slike_geodesic_min/graf_geodesic_min_mu6_n19.png,slike_geodesic_max/graf_max_mu6_n19.png,R?ACKN~O@?A?A??C?@??G??_?@??@?,R?HGK?@?S`?GO`OdA????G?Cc?@???
20,6,210,1071,slike_geodesic_min/graf_geodesic_min_mu6_n20.png,slike_geodesic_max/graf_max_mu6_n20.png,S?ACKN~O@?A?A??C?@??G??_?@??@???_,S?HGK?@?S`?GO@OdA????G?Cc?@??@G??
21,6,231,1259,slike_geodesic_min/graf_geodesic_min_mu6_n21.png,slike_geodesic_max/graf_max_mu6_n21.png,T?ACKN~O@?A?A??C?@??G??_?@??@???_??G,T?HGK?@?S`?GO@OdA?@????C_?@G?@G???G?
22,6,253,1874,slike_geodesic_min/graf_geodesic_min_mu6_n22.png,slike_geodesic_max/graf_max_mu6_n22.png,U?ACKN~O@?A?A??C?@??G??_?@??@???_??G??@?,U?HGK?@?S`?G??OdA?P????C??GGA@G????CG?A?
23,6,276,2202,slike_geodesic_min/graf_geodesic_min_mu6_n23.png,slike_geodesic_max/graf_max_mu6_n23.png,V?ACKN~O@?A?A??C?@??G??_?@??@???_??G??@???C?,V?HGCC@?S`?_C?OdA?@????C???GA@G????KG?A???@?
24,6,300,2507,slike_geodesic_min/graf_geodesic_min_mu6_n24.png,slike_geodesic_max/graf_max_mu6_n24.png,W?ACKN~O@?A?A??C?@??G??_?@??@???_??G??@???C???G,W?HGCC@?S@?_?AOd??@????C??@G?@G?????G?A??@XA?O?
25,6,325,2908,slike_geodesic_min/graf_geodesic_min_mu6_n25.png,slike_geodesic_max/graf_max_mu6_n25.png,X?ACKN~O@?A?A??C?@??G??_?@??@???_??G??@???C???G???G,X?HGCC@?S@?_?AOd???????C?G@G??GA????G?A??@PA?O?G?A?
26,6,351,3286,slike_geodesic_min/graf_geodesic_min_mu6_n26.png,slike_geodesic_max/graf_max_mu6_n26.png,Y?ACKN~O@?A?A??C?@??G??_?@??@???_??G??@???C???G???G???C?,Y?HGCC@?S@?_?AOd????@????G@G??GA????G?A??@PA?O?G?A????G?
27,6,378,3712,slike_geodesic_min/graf_geodesic_min_mu6_n27.png,slike_geodesic_max/graf_max_mu6_n27.png,Z?ACKN~O@?A?A??C?@??G??_?@??@???_??G??@???C???G???G???C???@?,Z?HGCC@?S@?_?AOd????@????G@G??GA???_G?A???PA?O?G?A????GA????
28,6,406,4561,slike_geodesic_min/graf_geodesic_min_mu6_n28.png,slike_geodesic_max/graf_max_mu6_n28.png,[?ACKN~O@?A?A??C?@??G??_?@??@???_??G??@???C???G???G???C???@????G,[?GGCC@?S@?_?A?d?????????G@G??GA???_G?A???PI?Q_G?A????GA???????A
29,6,435,5139,slike_geodesic_min/graf_geodesic_min_mu6_n29.png,slike_geodesic_max/graf_max_mu6_n29.png,\?ACKN~O@?A?A??C?@??G??_?@??@???_??G??@???C???G???G???C???@????G????_,\?GGCC@?S@?_?A?d?????????G@G??GA???_G?A???PI?Q_G?A????GA???????A???@?
30,6,465,5718,slike_geodesic_min/graf_geodesic_min_mu6_n30.png,slike_geodesic_max/graf_max_mu6_n30.png,]?ACKN~O@?A?A??C?@??G??_?@??@???_??G??@???C???G???G???C???@????G????_???@?,]?GGCC@?S@?_?A?d?????????G@G??GA???_G?A???PI?Q_G?A????GA???????A???@????C?
10,7,55,122,slike_geodesic_min/graf_min_mu7_n10.png,slike_geodesic_max/graf_geodesic_max_mu7_n10.png,I?`CSV~G?,I`gwaBGhG
11,7,66,192,slike_geodesic_min/graf_min_mu7_n11.png,slike_geodesic_max/graf_geodesic_max_mu7_n11.png,J?`CSV~G?_?,JiAo?AhAtQ?
12,7,78,226,slike_geodesic_min/graf_min_mu7_n12.png,slike_geodesic_max/graf_geodesic_max_mu7_n12.png,K?`CSV~G?_?A,KrWZ?G?W??OV
13,7,91,293,slike_geodesic_min/graf_min_mu7_n13.png,slike_geodesic_max/graf_geodesic_max_mu7_n13.png,L?`CSV~G?_?A?A,LQHGKO`HQO_?_H
14,7,105,342,slike_geodesic_min/graf_min_mu7_n14.png,slike_geodesic_max/graf_geodesic_max_mu7_n14.png,M?`CSV~G?_?A?A?@?,MQC?C@IGSSg?HOAc?
15,7,120,484,slike_geodesic_min/graf_min_mu7_n15.png,slike_geodesic_max/graf_geodesic_max_mu7_n15.png,N?`CSV~G?_?A?A?@??O,NO?OC@IGSSg?HOac?_?
16,7,136,588,slike_geodesic_min/graf_min_mu7_n16.png,slike_geodesic_max/graf_geodesic_max_mu7_n16.png,O?`CSV~G?_?A?A?@??O?A,OO?OC?IGSCgCGOacA?O_C
17,7,153,735,slike_geodesic_min/graf_min_mu7_n17.png,slike_geodesic_max/graf_geodesic_max_mu7_n17.png,P?`CSV~G?_?A?A?@??O?A??G,PQ?O?_AGCC_CWO_cA?Oo?_C_
18,7,171,881,slike_geodesic_min/graf_min_mu7_n18.png,slike_geodesic_max/graf_geodesic_max_mu7_n18.png,Q?`CSV~G?_?A?A?@??O?A??G??O,QQ?O?_AGCC_CWO_cA?Oo?_C_?C?
19,7,190,1132,slike_geodesic_min/graf_min_mu7_n19.png,slike_geodesic_max/graf_geodesic_max_mu7_n19.png,R?`CSV~G?_?A?A?@??O?A??G??O??O,RQ?O?_KGCC_?WO_cAC??G_C_AC?@??
20,7,210,1332,slike_geodesic_min/graf_min_mu7_n20.png,slike_geodesic_max/graf_geodesic_max_mu7_n20.png,S?`CSV~G?_?A?A?@??O?A??G??O??O??G,SQ?O?_KGCC_?WO_c?C??G_C_AC?`??@??
21,7,231,1551,slike_geodesic_min/graf_min_mu7_n21.png,slike_geodesic_max/graf_geodesic_max_mu7_n21.png,T?`CSV~G?_?A?A?@??O?A??G??O??O??G??A,TQ?O?_KGCC_?WO_c?C?CG_C_?C?`????_?_?
22,7,253,1784,slike_geodesic_min/graf_min_mu7_n22.png,slike_geodesic_max/graf_geodesic_max_mu7_n22.png,U?`CSV~G?_?A?A?@??O?A??G??O??O??G??A???O,UQ?O?_KGCC_?WO_c?C?CG_C_?C?`????_?_??G??
23,7,276,2219,slike_geodesic_min/graf_min_mu7_n23.png,slike_geodesic_max/graf_geodesic_max_mu7_n23.png,V?`CSV~G?_?A?A?@??O?A??G??O??O??G??A???O??@?,VQ?O?_KGCC??WO_c?C?CG_C_?C?`??CG??C????G@???
24,7,300,2550,slike_geodesic_min/graf_min_mu7_n24.png,slike_geodesic_max/graf_geodesic_max_mu7_n24.png,W?`CSV~G?_?A?A?@??O?A??G??O??O??G??A???O??@???A,WQ?O?_KGCC_?WO__?C?CG_C_?C?`??CG??????@G???_C??
25,7,325,2927,slike_geodesic_min/graf_min_mu7_n25.png,slike_geodesic_max/graf_geodesic_max_mu7_n25.png,X?`CSV~G?_?A?A?@??O?A??G??O??O??G??A???O??@???A???A,XQ?O?_KGCC_?WO__?C?CG_C_?C?`??CG??????@G???_C???G??
26,7,351,3307,slike_geodesic_min/graf_min_mu7_n26.png,slike_geodesic_max/graf_geodesic_max_mu7_n26.png,Y?`CSV~G?_?A?A?@??O?A??G??O??O??G??A???O??@???A???A???@?,YQ?O?_KWCC??WO__?C?CG_C_?C?`??CG??????@G???_C???G???G???
27,7,378,3733,slike_geodesic_min/graf_min_mu7_n27.png,slike_geodesic_max/graf_geodesic_max_mu7_n27.png,Z?`CSV~G?_?A?A?@??O?A??G??O??O??G??A???O??@???A???A???@????O,ZQ?O?_KWCC??WO__?C?CG_C_?C?`??CG??????@G???_C????@??G???C???
28,7,406,4658,slike_geodesic_min/graf_min_mu7_n28.png,slike_geodesic_max/graf_geodesic_max_mu7_n28.png,[?`CSV~G?_?A?A?@??O?A??G??O??O??G??A???O??@???A???A???@????O???A,[Q?O?_KWSC??O?__???CG_C????`??CG?????G???G?@??A??@I?G?@???@??@?G
29,7,435,5923,slike_geodesic_min/graf_min_mu7_n29.png,slike_geodesic_max/graf_geodesic_max_mu7_n29.png,\?`CSV~G?_?A?A?@??O?A??G??O??O??G??A???O??@???A???A???@????O???A????G,\QCO?_KWSC??O?__???CG_C????`??CG???_?G???G????a???A?G?@???@??@?G?@???
30,7,465,7003,slike_geodesic_min/graf_min_mu7_n30.png,slike_geodesic_max/graf_geodesic_max_mu7_n30.png,]?`CSV~G?_?A?A?@??O?A??G??O??O??G??A???O??@???A???A???@????O???A????G????O,]QCO?_KWSC????__???CG_C????`??CK?????G???G????e???A?G?@???@??@@??@?????C??
10,8,55,127,slike_geodesic_min/graf_min_mu8_n10.png,slike_geodesic_max/graf_geodesic_max_mu8_n10.png,ICOccf~O?,I?ovfbo_?
11,8,66,170,slike_geodesic_min/graf_min_mu8_n11.png,slike_geodesic_max/graf_geodesic_max_mu8_n11.png,JCOccf~O??_,Jq@`RAFS@P?
12,8,78,254,slike_geodesic_min/graf_min_mu8_n12.png,slike_geodesic_max/graf_geodesic_max_mu8_n12.png,KCOccf~O??_@,KLi?JoAOCCB`
13,8,91,326,slike_geodesic_min/graf_min_mu8_n13.png,slike_geodesic_max/graf_geodesic_max_mu8_n13.png,LCOccf~O??_@?@,LQ_gggOOIEDW_?
14,8,105,395,slike_geodesic_min/graf_min_mu8_n14.png,slike_geodesic_max/graf_geodesic_max_mu8_n14.png,MCOccf~O??_@?@??_,MQ_ggh?OAEDW_?OO?
15,8,120,581,slike_geodesic_min/graf_min_mu8_n15.png,slike_geodesic_max/graf_geodesic_max_mu8_n15.png,NCOccf~O??_@?@??_?G,NQ_ggh??IEDW_?OC?A?
16,8,136,712,slike_geodesic_min/graf_min_mu8_n16.png,slike_geodesic_max/graf_geodesic_max_mu8_n16.png,OCOccf~O??_@?@??_?G?@,OQ_ggg??IEDW_?OCGA??_
17,8,153,844,slike_geodesic_min/graf_min_mu8_n17.png,slike_geodesic_max/graf_geodesic_max_mu8_n17.png,PCOccf~O??_@?@??_?G?@??C,PQ_Ggg??IE@W`@?CGA??_OC?
18,8,171,1067,slike_geodesic_min/graf_min_mu8_n18.png,slike_geodesic_max/graf_geodesic_max_mu8_n18.png,QCOccf~O??_@?@??_?G?@??C??G,QQ_Ggi??AE@W`@?CGA@??OC??O?
19,8,190,1263,slike_geodesic_min/graf_min_mu8_n19.png,slike_geodesic_max/graf_geodesic_max_mu8_n19.png,RCOccf~O??_@?@??_?G?@??C??G??G,RQ_Ggi??AE@W`@?CGA??_OC??OC???
20,8,210,1474,slike_geodesic_min/graf_min_mu8_n20.png,slike_geodesic_max/graf_geodesic_max_mu8_n20.png,SCOccf~O??_@?@??_?G?@??C??G??G??C,SQ_Ggi??AE@W`@?CGA??_OC??OC??C???
21,8,231,1800,slike_geodesic_min/graf_min_mu8_n21.png,slike_geodesic_max/graf_geodesic_max_mu8_n21.png,TCOccf~O??_@?@??_?G?@??C??G??G??C??@,TA_Ggi??AE?W`@OC????_OC???P@@??_A??A
22,8,253,2118,slike_geodesic_min/graf_min_mu8_n22.png,slike_geodesic_max/graf_geodesic_max_mu8_n22.png,UCOccf~O??_@?@??_?G?@??C??G??G??C??@???G,UA_Ggi??AE?W`@OC????_OC???P@@??_A??AG???
23,8,276,2468,slike_geodesic_min/graf_min_mu8_n23.png,slike_geodesic_max/graf_geodesic_max_mu8_n23.png,VCOccf~O??_@?@??_?G?@??C??G??G??C??@???G???_,VA_Ggi??AE?G`@?C????_OC???P@@A?_A??AG??A?_??
24,8,300,3348,slike_geodesic_min/graf_min_mu8_n24.png,slike_geodesic_max/graf_geodesic_max_mu8_n24.png,WCOccf~O??_@?@??_?G?@??C??G??G??C??@???G???_??@,WA_Ggi??AE??`??C????gOC???P@@A?_A??AG?GA?_????A
25,8,325,4035,slike_geodesic_min/graf_min_mu8_n25.png,slike_geodesic_max/graf_geodesic_max_mu8_n25.png,XCOccf~O??_@?@??_?G?@??C??G??G??C??@???G???_??@???@,XA_Ggi??AE??`??C????gOC???@@@A?_A??AG?HA?_????A??O?
26,8,351,4723,slike_geodesic_min/graf_min_mu8_n26.png,slike_geodesic_max/graf_geodesic_max_mu8_n26.png,YCOccf~O??_@?@??_?G?@??C??G??G??C??@???G???_??@???@????_,YA_Ggi??AE?A`??C????_OC???@@@A?_A??AG?H???G???A??O?OC???
27,8,378,5412,slike_geodesic_min/graf_min_mu8_n27.png,slike_geodesic_max/graf_geodesic_max_mu8_n27.png,ZCOccf~O??_@?@??_?G?@??C??G??G??C??@???G???_??@???@????_???G,ZA_Ggi??AE?A`??C????_OC???@@@A?_A??AG?H???G???A???COC???A???
28,8,406,6174,slike_geodesic_min/graf_min_mu8_n28.png,slike_geodesic_max/graf_geodesic_max_mu8_n28.png,[COccf~O??_@?@??_?G?@??C??G??G??C??@???G???_??@???@????_???G???@,[A_Ggi??AE?A`??C????_OC???@@@A?_A??AG?H???G???A???COC???A????_??
29,8,435,6960,slike_geodesic_min/graf_min_mu8_n29.png,slike_geodesic_max/graf_geodesic_max_mu8_n29.png,\COccf~O??_@?@??_?G?@??C??G??G??C??@???G???_??@???@????_???G???@????C,\A_Ggi??AE?A`??C????_OC???@@@A?_A??AG?H???G???A???COC???A????_?????@?
30,8,465,8073,slike_geodesic_min/graf_min_mu8_n30.png,slike_geodesic_max/graf_geodesic_max_mu8_n30.png,]COccf~O??_@?@??_?G?@??C??G??G??C??@???G???_??@???@????_???G???@????C????G,]A_Ggi??AE?A`??C????_OC???@@@??Ga??AG?H???G???????DOC??????????_???@???@?_
