n,Âµ(G),min geodesic,max geodesic,slika_min,slika_max,graph6_min,graph6_max,PTC_min,KAKTUS_min,DVODELEN_min,MAX_DEG_min,C3_min,C4_min,C5_min,C6_min,PTC_max,KAKTUS_max,DVODELEN_max,MAX_DEG_max,C3_max,C4_max,C5_max,C6_max
3,1,6,6,slike_geodesic_min/graf_geodesic_min_mu1_n3.png,slike_geodesic_max/graf_geodesic_max_mu1_n3.png,Bw,Bw,true,true,false,2,1,0,0,0,true,true,false,2,1,0,0,0
4,1,10,12,slike_geodesic_min/graf_geodesic_min_mu1_n4.png,slike_geodesic_max/graf_geodesic_max_mu1_n4.png,CV,C],true,true,false,3,1,0,0,0,true,true,true,2,0,1,0,0
5,1,15,18,slike_geodesic_min/graf_geodesic_min_mu1_n5.png,slike_geodesic_max/graf_geodesic_max_mu1_n5.png,DC{,DEw,true,true,false,4,1,0,0,0,true,true,true,3,0,1,0,0
6,1,21,26,slike_geodesic_min/graf_geodesic_min_mu1_n6.png,slike_geodesic_max/graf_geodesic_max_mu1_n6.png,E?bw,E?zO,true,true,false,5,1,0,0,0,true,true,true,3,0,1,0,0
7,1,28,35,slike_geodesic_min/graf_geodesic_min_mu1_n7.png,slike_geodesic_max/graf_geodesic_max_mu1_n7.png,F?AFw,F?`v?,true,true,false,6,1,0,0,0,true,true,true,3,0,1,0,0
8,1,36,46,slike_geodesic_min/graf_geodesic_min_mu1_n8.png,slike_geodesic_max/graf_geodesic_max_mu1_n8.png,G??CF{,G?`Db_,true,true,false,7,1,0,0,0,true,true,true,3,0,1,0,0
9,1,45,58,slike_geodesic_min/graf_geodesic_min_mu1_n9.png,slike_geodesic_max/graf_geodesic_max_mu1_n9.png,H???CB~,H?ABAqW,true,true,false,8,1,0,0,0,true,true,true,3,0,1,0,0
4,2,11,11,slike_geodesic_min/graf_geodesic_min_mu2_n4.png,slike_geodesic_max/graf_geodesic_max_mu2_n4.png,C^,C^,true,false,false,3,2,0,0,0,true,false,false,3,2,0,0,0
5,2,15,20,slike_geodesic_min/graf_geodesic_min_mu2_n5.png,slike_geodesic_max/graf_geodesic_max_mu2_n5.png,DQ{,DFw,true,true,false,4,2,0,0,0,false,false,true,3,0,3,0,0
6,2,21,29,slike_geodesic_min/graf_geodesic_min_mu2_n6.png,slike_geodesic_max/graf_geodesic_max_mu2_n6.png,ECRw,EEj_,true,true,false,5,2,0,0,0,true,false,true,3,0,2,0,0
7,2,28,39,slike_geodesic_min/graf_geodesic_min_mu2_n7.png,slike_geodesic_max/graf_geodesic_max_mu2_n7.png,F?`Fw,FCpf?,true,true,false,6,2,0,0,0,true,false,true,3,0,2,0,0
8,2,36,53,slike_geodesic_min/graf_geodesic_min_mu2_n8.png,slike_geodesic_max/graf_geodesic_max_mu2_n8.png,G?AAF{,G?B@v_,true,true,false,7,2,0,0,0,true,true,true,4,0,2,0,0
9,2,45,71,slike_geodesic_min/graf_geodesic_min_mu2_n9.png,slike_geodesic_max/graf_geodesic_max_mu2_n9.png,H??CAB~,H??F?zW,true,true,false,8,2,0,0,0,true,true,true,4,0,2,0,0
4,3,10,10,slike_geodesic_min/graf_geodesic_min_mu3_n4.png,slike_geodesic_max/graf_geodesic_max_mu3_n4.png,C~,C~,true,false,false,3,4,0,0,0,true,false,false,3,4,0,0,0
5,3,15,19,slike_geodesic_min/graf_geodesic_min_mu3_n5.png,slike_geodesic_max/graf_geodesic_max_mu3_n5.png,DT{,D]w,true,false,false,4,4,0,0,0,false,false,false,3,2,2,0,0
6,3,21,32,slike_geodesic_min/graf_geodesic_min_mu3_n6.png,slike_geodesic_max/graf_geodesic_max_mu3_n6.png,ECfw,EEz_,true,false,false,5,4,0,0,0,false,false,true,3,0,5,0,0
7,3,28,44,slike_geodesic_min/graf_geodesic_min_mu3_n7.png,slike_geodesic_max/graf_geodesic_max_mu3_n7.png,F?aNw,FCZf?,true,false,false,6,4,0,0,0,false,false,true,3,0,5,0,0
8,3,36,60,slike_geodesic_min/graf_geodesic_min_mu3_n8.png,slike_geodesic_max/graf_geodesic_max_mu3_n8.png,G?ACN{,G?`vF?,true,false,false,7,4,0,0,0,false,false,true,3,0,5,0,0
9,3,45,77,slike_geodesic_min/graf_geodesic_min_mu3_n9.png,slike_geodesic_max/graf_geodesic_max_mu3_n9.png,H??CCF~,H?B@tao,true,false,false,8,4,0,0,0,false,false,true,3,0,5,0,0
5,4,17,19,slike_geodesic_min/graf_geodesic_min_mu4_n5.png,slike_geodesic_max/graf_geodesic_max_mu4_n5.png,DV{,D]{,true,false,false,4,5,0,0,0,true,false,false,4,4,1,0,0
6,4,21,33,slike_geodesic_min/graf_geodesic_min_mu4_n6.png,slike_geodesic_max/graf_geodesic_max_mu4_n6.png,EQjw,EFz_,true,false,false,5,5,0,0,0,false,false,true,3,0,9,0,0
7,4,28,47,slike_geodesic_min/graf_geodesic_min_mu4_n7.png,slike_geodesic_max/graf_geodesic_max_mu4_n7.png,FCQVw,F?zV_,true,false,false,6,5,0,0,0,false,false,true,4,0,7,0,0
8,4,36,62,slike_geodesic_min/graf_geodesic_min_mu4_n8.png,slike_geodesic_max/graf_geodesic_max_mu4_n8.png,G?`CV{,G?ovF_,true,false,false,7,5,0,0,0,false,false,true,4,0,6,0,0
9,4,45,83,slike_geodesic_min/graf_geodesic_min_mu4_n9.png,slike_geodesic_max/graf_geodesic_max_mu4_n9.png,H?AACJ~,H?B@pro,true,false,false,8,5,0,0,0,false,false,true,4,0,6,0,0
5,5,17,17,slike_geodesic_min/graf_geodesic_min_mu5_n5.png,slike_geodesic_max/graf_geodesic_max_mu5_n5.png,D^{,D^{,true,false,false,4,7,0,0,0,true,false,false,4,7,0,0,0
6,5,23,31,slike_geodesic_min/graf_geodesic_min_mu5_n6.png,slike_geodesic_max/graf_geodesic_max_mu5_n6.png,EEvw,EFzo,true,false,false,5,7,0,0,0,false,false,false,4,3,6,0,0
7,5,29,49,slike_geodesic_min/graf_geodesic_min_mu5_n7.png,slike_geodesic_max/graf_geodesic_max_mu5_n7.png,FCdfw,F?zv_,true,false,false,6,6,0,0,0,false,false,true,4,0,12,0,0
8,5,36,70,slike_geodesic_min/graf_geodesic_min_mu5_n8.png,slike_geodesic_max/graf_geodesic_max_mu5_n8.png,GCOcf{,G?ovf_,true,false,false,7,6,0,0,0,false,false,true,4,0,10,0,0
9,5,45,94,slike_geodesic_min/graf_geodesic_min_mu5_n9.png,slike_geodesic_max/graf_geodesic_max_mu5_n9.png,H?`@CR~,H?B@vbo,true,false,false,8,6,0,0,0,false,false,true,4,0,10,0,0
5,6,15,15,slike_geodesic_min/graf_geodesic_min_mu6_n5.png,slike_geodesic_max/graf_geodesic_max_mu6_n5.png,D~{,D~{,true,false,false,4,10,0,0,0,true,false,false,4,10,0,0,0
6,6,21,30,slike_geodesic_min/graf_geodesic_min_mu6_n6.png,slike_geodesic_max/graf_geodesic_max_mu6_n6.png,ETnw,EFzw,true,false,false,5,10,0,0,0,false,false,false,5,6,3,0,0
7,6,28,49,slike_geodesic_min/graf_geodesic_min_mu6_n7.png,slike_geodesic_max/graf_geodesic_max_mu6_n7.png,FCe^w,F?~v_,true,false,false,6,10,0,0,0,false,false,true,4,0,18,0,0
8,6,36,72,slike_geodesic_min/graf_geodesic_min_mu6_n8.png,slike_geodesic_max/graf_geodesic_max_mu6_n8.png,G?aK^{,G?zTf_,true,false,false,7,10,0,0,0,false,false,true,4,0,12,0,1
9,6,45,96,slike_geodesic_min/graf_geodesic_min_mu6_n9.png,slike_geodesic_max/graf_geodesic_max_mu6_n9.png,H?ACKN~,H?r@fbo,true,false,false,8,10,0,0,0,false,false,true,4,0,13,0,0
6,7,24,30,slike_geodesic_min/graf_geodesic_min_mu7_n6.png,slike_geodesic_max/graf_geodesic_max_mu7_n6.png,ET~w,E]~o,true,false,false,5,11,0,0,0,true,false,false,4,8,3,0,0
7,7,28,47,slike_geodesic_min/graf_geodesic_min_mu7_n7.png,slike_geodesic_max/graf_geodesic_max_mu7_n7.png,FQinw,FFzf_,true,false,false,6,11,0,0,0,false,false,false,4,3,15,0,0
8,7,36,74,slike_geodesic_min/graf_geodesic_min_mu7_n8.png,slike_geodesic_max/graf_geodesic_max_mu7_n8.png,GCQSn{,G?zVf_,true,false,false,7,11,0,0,0,false,false,true,4,0,19,0,0
9,7,45,99,slike_geodesic_min/graf_geodesic_min_mu7_n9.png,slike_geodesic_max/graf_geodesic_max_mu7_n9.png,H?`CSV~,H?ovFbo,true,false,false,8,11,0,0,0,false,false,true,4,0,17,0,0
6,8,25,27,slike_geodesic_min/graf_geodesic_min_mu8_n6.png,slike_geodesic_max/graf_geodesic_max_mu8_n6.png,EV~w,E]~w,true,false,false,5,13,0,0,0,true,false,false,5,12,1,0,0
7,8,32,46,slike_geodesic_min/graf_geodesic_min_mu8_n7.png,slike_geodesic_max/graf_geodesic_max_mu8_n7.png,FCv^w,FFzfo,true,false,false,6,13,0,0,0,false,false,false,5,6,12,0,0
8,8,37,74,slike_geodesic_min/graf_geodesic_min_mu8_n8.png,slike_geodesic_max/graf_geodesic_max_mu8_n8.png,GCdcv{,G?zvf_,true,false,false,7,12,0,0,0,false,false,true,4,0,27,0,0
9,8,45,105,slike_geodesic_min/graf_geodesic_min_mu8_n9.png,slike_geodesic_max/graf_geodesic_max_mu8_n9.png,HCOccf~,H?ovfbo,true,false,false,8,12,0,0,0,false,false,true,4,0,24,0,0
10,1,55,72,slike_geodesic_min/graf_geodesic_min_mu1_n10.png,slike_geodesic_max/graf_geodesic_max_mu1_n10.png,I???CB~O?,IAa@@OKP?,true,true,false,8,1,0,0,0,true,true,true,3,0,1,0,0
11,1,66,87,slike_geodesic_min/graf_geodesic_min_mu1_n11.png,slike_geodesic_max/graf_geodesic_max_mu1_n11.png,J???CB~O@??,JAa@@OKP?O?,true,true,false,8,1,0,0,0,true,true,true,4,0,1,0,0
12,1,78,104,slike_geodesic_min/graf_geodesic_min_mu1_n12.png,slike_geodesic_max/graf_geodesic_max_mu1_n12.png,K???CB~O@?A?,K@cH@?C@ACD?,true,true,false,8,1,0,0,0,true,true,true,4,0,1,0,0
13,1,91,122,slike_geodesic_min/graf_geodesic_min_mu1_n13.png,slike_geodesic_max/graf_geodesic_max_mu1_n13.png,L???CB~O@?A?A?,L@cH@?C@ACD?G?,true,true,false,8,1,0,0,0,true,true,true,5,0,1,0,0
14,1,105,142,slike_geodesic_min/graf_geodesic_min_mu1_n14.png,slike_geodesic_max/graf_geodesic_max_mu1_n14.png,M???CB~O@?A?A?@??,M?A@Q?gCG?OP_?S??,true,true,false,8,1,0,0,0,true,true,true,3,0,1,0,0
15,1,120,163,slike_geodesic_min/graf_geodesic_min_mu1_n15.png,slike_geodesic_max/graf_geodesic_max_mu1_n15.png,N???CB~O@?A?A?@??O?,N?A@Q?gCG?OP_?S?O??,true,true,false,8,1,0,0,0,true,true,true,4,0,1,0,0
16,1,136,186,slike_geodesic_min/graf_geodesic_min_mu1_n16.png,slike_geodesic_max/graf_geodesic_max_mu1_n16.png,O???CB~O@?A?A?@??O??_,OO?G@DWG?@?CA?G??CE?O,true,true,false,8,1,0,0,0,true,true,true,6,0,1,0,0
17,1,153,210,slike_geodesic_min/graf_geodesic_min_mu1_n17.png,slike_geodesic_max/graf_geodesic_max_mu1_n17.png,P???CB~O@?A?A?@??O??_?A?,PO?G@DWG?@?CA?G??CE?O?G?,true,true,false,8,1,0,0,0,true,true,true,7,0,1,0,0
18,1,171,236,slike_geodesic_min/graf_geodesic_min_mu1_n18.png,slike_geodesic_max/graf_geodesic_max_mu1_n18.png,Q???CB~O@?A?A?@??O??_?A??C?,Q_C?@@?G@C?_?@H?PAA??A??_?_,true,true,false,8,1,0,0,0,true,true,true,5,0,1,0,0
19,1,190,263,slike_geodesic_min/graf_geodesic_min_mu1_n19.png,slike_geodesic_max/graf_geodesic_max_mu1_n19.png,R???CB~O@?A?A?@??O??_?A??C??C?,R_C?@@?G@C?_?@H?PAA??A??_?`???,true,true,false,8,1,0,0,0,true,true,true,6,0,1,0,0
20,1,210,292,slike_geodesic_min/graf_geodesic_min_mu1_n20.png,slike_geodesic_max/graf_geodesic_max_mu1_n20.png,S???CB~O@?A?A?@??O??_?A??C??C??A?,S_?G??AG?@?G???_`E?C?C??_?`_GA?G?,true,true,false,8,1,0,0,0,true,true,true,4,0,1,0,0
21,1,231,322,slike_geodesic_min/graf_geodesic_min_mu1_n21.png,slike_geodesic_max/graf_geodesic_max_mu1_n21.png,T???CB~O@?A?A?@??O??_?A??C??C??A???_,T_?G??AG?@?G???_`E?C?C??_?`_GA?G???_,true,true,false,8,1,0,0,0,true,true,true,5,0,1,0,0
22,1,253,354,slike_geodesic_min/graf_geodesic_min_mu1_n22.png,slike_geodesic_max/graf_geodesic_max_mu1_n22.png,U???CB~O@?A?A?@??O??_?A??C??C??A???_??C?,Uc?GO_AG?@?????_`A?C????_?`_GQ?????@??G?,true,true,false,8,1,0,0,0,true,true,true,4,0,1,0,0
23,1,276,387,slike_geodesic_min/graf_geodesic_min_mu1_n23.png,slike_geodesic_max/graf_geodesic_max_mu1_n23.png,V???CB~O@?A?A?@??O??_?A??C??C??A???_??C???O?,Vc?GO_AG?@?????_`A?C????_?`_GQ?????@??G?C???,true,true,false,8,1,0,0,0,true,true,true,5,0,1,0,0
24,1,300,422,slike_geodesic_min/graf_geodesic_min_mu1_n24.png,slike_geodesic_max/graf_geodesic_max_mu1_n24.png,W???CB~O@?A?A?@??O??_?A??C??C??A???_??C???O???_,W`???_AG?A???O?_@A?GC???_?`?GQ?@???@?_G???O?O??,true,true,false,8,1,0,0,0,true,true,true,5,0,1,0,0
25,1,325,458,slike_geodesic_min/graf_geodesic_min_mu1_n25.png,slike_geodesic_max/graf_geodesic_max_mu1_n25.png,X???CB~O@?A?A?@??O??_?A??C??C??A???_??C???O???_???_,X`???_AG?A???O?_@A?GC???_?`?GQ?@???@?_G???O?O????G?,true,true,false,8,1,0,0,0,true,true,true,6,0,1,0,0
26,1,351,496,slike_geodesic_min/graf_geodesic_min_mu1_n26.png,slike_geodesic_max/graf_geodesic_max_mu1_n26.png,Y???CB~O@?A?A?@??O??_?A??C??C??A???_??C???O???_???_???O?,Y????_AG?A?????G?A@??C??_?_G@A?@????O@?C???EOO?A??i??O??,true,true,false,8,1,0,0,0,true,true,true,4,0,1,0,0
27,1,378,535,slike_geodesic_min/graf_geodesic_min_mu1_n27.png,slike_geodesic_max/graf_geodesic_max_mu1_n27.png,Z???CB~O@?A?A?@??O??_?A??C??C??A???_??C???O???_???_???O???C?,Z????_AG?A?????G?A@??C??_?_G@A?@????O@?C???EOO?A??i??O?C????,true,true,false,8,1,0,0,0,true,true,true,5,0,1,0,0
28,1,406,576,slike_geodesic_min/graf_geodesic_min_mu1_n28.png,slike_geodesic_max/graf_geodesic_max_mu1_n28.png,[???CB~O@?A?A?@??O??_?A??C??C??A???_??C???O???_???_???O???C????_,[?G??_?G?AO???_??A@??C??_?_G@A?@????O@?C???EOO????I??O?CC??@????,true,true,false,8,1,0,0,0,true,true,true,7,0,1,0,0
29,1,435,618,slike_geodesic_min/graf_geodesic_min_mu1_n29.png,slike_geodesic_max/graf_geodesic_max_mu1_n29.png,\???CB~O@?A?A?@??O??_?A??C??C??A???_??C???O???_???_???O???C????_???A?,\?G??_?G?AO???_??A@??C??_?_G@A?@????O@?C???EOO????I??O?CC??@????G????,true,true,false,8,1,0,0,0,true,true,true,8,0,1,0,0
30,1,465,662,slike_geodesic_min/graf_geodesic_min_mu1_n30.png,slike_geodesic_max/graf_geodesic_max_mu1_n30.png,]???CB~O@?A?A?@??O??_?A??C??C??A???_??C???O???_???_???O???C????_???A????C?,]?C?C?_G???G????Ga??A??O_?_?@???O@I??@??????????gC@OA??@???_???A??CA?C????,true,true,false,8,1,0,0,0,true,true,true,5,0,1,0,0
10,2,55,85,slike_geodesic_min/graf_geodesic_min_mu2_n10.png,slike_geodesic_max/graf_geodesic_max_mu2_n10.png,I??CAB~G?,I??F?zW?G,true,true,false,8,2,0,0,0,true,true,true,5,0,2,0,0
11,2,66,113,slike_geodesic_min/graf_geodesic_min_mu2_n11.png,slike_geodesic_max/graf_geodesic_max_mu2_n11.png,J??CAB~G?_?,J??At?D{?C?,true,true,false,8,2,0,0,0,true,true,true,4,0,2,0,0
12,2,78,137,slike_geodesic_min/graf_geodesic_min_mu2_n12.png,slike_geodesic_max/graf_geodesic_max_mu2_n12.png,K??CAB~G?_@?,K??At?D{?C?O,true,true,false,8,2,0,0,0,true,true,true,5,0,2,0,0
13,2,91,165,slike_geodesic_min/graf_geodesic_min_mu2_n13.png,slike_geodesic_max/graf_geodesic_max_mu2_n13.png,L??CAB~G?_@?@?,LGOAGgOcA?A_P?,true,true,false,8,2,0,0,0,true,true,true,5,0,2,0,0
14,2,105,194,slike_geodesic_min/graf_geodesic_min_mu2_n14.png,slike_geodesic_max/graf_geodesic_max_mu2_n14.png,M??CAB~G?_@?@??C?,MGOAGgOcA?A_P?O??,true,true,false,8,2,0,0,0,true,true,true,6,0,2,0,0
15,2,120,227,slike_geodesic_min/graf_geodesic_min_mu2_n15.png,slike_geodesic_max/graf_geodesic_max_mu2_n15.png,N??CAB~G?_@?@??C?@?,NO_A?CAQ@?O_?cC_OA?,true,true,false,8,2,0,0,0,true,true,true,5,0,2,0,0
16,2,136,261,slike_geodesic_min/graf_geodesic_min_mu2_n16.png,slike_geodesic_max/graf_geodesic_max_mu2_n16.png,O??CAB~G?_@?@??C?@??G,OO_A?CAQ@?O_?cC_OA?C?,true,true,false,8,2,0,0,0,true,true,true,6,0,2,0,0
17,2,153,299,slike_geodesic_min/graf_geodesic_min_mu2_n17.png,slike_geodesic_max/graf_geodesic_max_mu2_n17.png,P??CAB~G?_@?@??C?@??G??_,P_ASC??QO?CC?CA?_?GCO?@O,true,true,false,8,2,0,0,0,true,true,true,4,0,2,0,0
18,2,171,338,slike_geodesic_min/graf_geodesic_min_mu2_n18.png,slike_geodesic_max/graf_geodesic_max_mu2_n18.png,Q??CAB~G?_@?@??C?@??G??_?@?,Q_ASC??QO?CC?CA?_?GCO?@Q???,true,true,false,8,2,0,0,0,true,true,true,5,0,2,0,0
19,2,190,381,slike_geodesic_min/graf_geodesic_min_mu2_n19.png,slike_geodesic_max/graf_geodesic_max_mu2_n19.png,R??CAB~G?_@?@??C?@??G??_?@??@?,R_?OC??QO?C??CA?a?GCW?GQA??G??,true,true,false,8,2,0,0,0,true,true,true,4,0,2,0,0
20,2,210,425,slike_geodesic_min/graf_geodesic_min_mu2_n20.png,slike_geodesic_max/graf_geodesic_max_mu2_n20.png,S??CAB~G?_@?@??C?@??G??_?@??@???_,S???CA?AP????CAAc??GGc?C?@AC@C?_?,true,true,false,8,2,0,0,0,true,true,true,4,0,2,0,0
21,2,231,473,slike_geodesic_min/graf_geodesic_min_mu2_n21.png,slike_geodesic_max/graf_geodesic_max_mu2_n21.png,T??CAB~G?_@?@??C?@??G??_?@??@???_??G,T???CA?AP????CAAc??GGc?C?@AC@C?_A???,true,true,false,8,2,0,0,0,true,true,true,5,0,2,0,0
22,2,253,522,slike_geodesic_min/graf_geodesic_min_mu2_n22.png,slike_geodesic_max/graf_geodesic_max_mu2_n22.png,U??CAB~G?_@?@??C?@??G??_?@??@???_??G??@?,U???CA?AP????CAAc??GGc?C?@AC@C?_A???_???,true,true,false,8,2,0,0,0,true,true,true,6,0,2,0,0
23,2,276,575,slike_geodesic_min/graf_geodesic_min_mu2_n23.png,slike_geodesic_max/graf_geodesic_max_mu2_n23.png,V??CAB~G?_@?@??C?@??G??_?@??@???_??G??@???C?,Va???Q??G?_??CIAa??GHC???@???C?_?A??G_?_?@??,true,true,false,8,2,0,0,0,true,true,true,5,0,2,0,0
24,2,300,629,slike_geodesic_min/graf_geodesic_min_mu2_n24.png,slike_geodesic_max/graf_geodesic_max_mu2_n24.png,W??CAB~G?_@?@??C?@??G??_?@??@???_??G??@???C???G,Wa???Q??G?_??CIAa??GHC???@???C?_?A??G_?_?@???G?,true,true,false,8,2,0,0,0,true,true,true,6,0,2,0,0
25,2,325,687,slike_geodesic_min/graf_geodesic_min_mu2_n25.png,slike_geodesic_max/graf_geodesic_max_mu2_n25.png,X??CAB~G?_@?@??C?@??G??_?@??@???_??G??@???C???G???G,X???Ga??G?_??C?Ae?AG?g@??@O??C?_?@?????a??CP?????C?,true,true,false,8,2,0,0,0,true,true,true,4,0,2,0,0
26,2,351,746,slike_geodesic_min/graf_geodesic_min_mu2_n26.png,slike_geodesic_max/graf_geodesic_max_mu2_n26.png,Y??CAB~G?_@?@??C?@??G??_?@??@???_??G??@???C???G???G???C?,Y???Ga??G?_??C?Ae?AG?g@??@O??C?_?@?????a??CP?????C?_????,true,true,false,8,2,0,0,0,true,true,true,5,0,2,0,0
27,2,378,809,slike_geodesic_min/graf_geodesic_min_mu2_n27.png,slike_geodesic_max/graf_geodesic_max_mu2_n27.png,Z??CAB~G?_@?@??C?@??G??_?@??@???_??G??@???C???G???G???C???@?,ZOG??a??G?__?C?Aa?AG?O??A@OC?C?_?_????????CC?????C?_??CCG???,true,true,false,8,2,0,0,0,true,true,true,5,0,2,0,0
28,2,406,873,slike_geodesic_min/graf_geodesic_min_mu2_n28.png,slike_geodesic_max/graf_geodesic_max_mu2_n28.png,[??CAB~G?_@?@??C?@??G??_?@??@???_??G??@???C???G???G???C???@????G,[OG??a??G?__?C?Aa?AG?O??A@OC?C?_?_????????CC?????C?_??CCG??@????,true,true,false,8,2,0,0,0,true,true,true,6,0,2,0,0
29,2,435,941,slike_geodesic_min/graf_geodesic_min_mu2_n29.png,slike_geodesic_max/graf_geodesic_max_mu2_n29.png,\??CAB~G?_@?@??C?@??G??_?@??@???_??G??@???C???G???G???C???@????G????_,\?G??a??G?__?C?Ai????O??A@???c?_???A??@A???C???@?C?????q???@??O???D??,true,true,false,8,2,0,0,0,true,true,true,4,0,2,0,0
30,2,465,1010,slike_geodesic_min/graf_geodesic_min_mu2_n30.png,slike_geodesic_max/graf_geodesic_max_mu2_n30.png,]??CAB~G?_@?@??C?@??G??_?@??@???_??G??@???C???G???G???C???@????G????_???@?,]?G??a??G?__?C?ae????O??A????c?_???A??@A???C???@?C?????Q???@??OA??D?????O?,true,true,false,8,2,0,0,0,true,true,true,4,0,2,0,0
10,3,55,98,slike_geodesic_min/graf_geodesic_min_mu3_n10.png,slike_geodesic_max/graf_geodesic_max_mu3_n10.png,I??CCF~O?,IDA_D@UAO,true,false,false,8,4,0,0,0,false,false,true,4,0,5,0,0
11,3,66,120,slike_geodesic_min/graf_geodesic_min_mu3_n11.png,slike_geodesic_max/graf_geodesic_max_mu3_n11.png,J??CCF~O@??,JDA_D@UAO@?,true,false,false,8,4,0,0,0,false,false,true,5,0,5,0,0
12,3,78,151,slike_geodesic_min/graf_geodesic_min_mu3_n12.png,slike_geodesic_max/graf_geodesic_max_mu3_n12.png,K??CCF~O@?A?,KBw?g?S_?I?D,true,false,false,8,4,0,0,0,true,false,true,4,0,3,0,0
13,3,91,186,slike_geodesic_min/graf_geodesic_min_mu3_n13.png,slike_geodesic_max/graf_geodesic_max_mu3_n13.png,L??CCF~O@?A?A?,LKCa?OGG?G_L?D,true,false,false,8,4,0,0,0,true,false,true,4,0,3,0,0
14,3,105,252,slike_geodesic_min/graf_geodesic_min_mu3_n14.png,slike_geodesic_max/graf_geodesic_max_mu3_n14.png,M??CCF~O@?A?A?@??,M_G_?c@_D?Bog??O?,true,false,false,8,4,0,0,0,true,true,true,4,0,3,0,0
15,3,120,300,slike_geodesic_min/graf_geodesic_min_mu3_n15.png,slike_geodesic_max/graf_geodesic_max_mu3_n15.png,N??CCF~O@?A?A?@??A?,N_G_?c@_D?Bog??OO??,true,false,false,8,4,0,0,0,true,true,true,5,0,3,0,0
16,3,136,356,slike_geodesic_min/graf_geodesic_min_mu3_n16.png,slike_geodesic_max/graf_geodesic_max_mu3_n16.png,O??CCF~O@?A?A?@??A??O,O?G_?DP_D?@og??PO?C??,true,false,false,8,4,0,0,0,true,true,true,5,0,3,0,0
17,3,153,413,slike_geodesic_min/graf_geodesic_min_mu3_n17.png,slike_geodesic_max/graf_geodesic_max_mu3_n17.png,P??CCF~O@?A?A?@??A??O?@?,P?G_?DP_D?@og??PO?C??_??,true,false,false,8,4,0,0,0,true,true,true,6,0,3,0,0
18,3,171,478,slike_geodesic_min/graf_geodesic_min_mu3_n18.png,slike_geodesic_max/graf_geodesic_max_mu3_n18.png,Q??CCF~O@?A?A?@??A??O?@??A?,Q?G_?DP?L?@og??P?????_?A??o,true,false,false,8,4,0,0,0,true,true,true,4,0,3,0,0
19,3,190,544,slike_geodesic_min/graf_geodesic_min_mu3_n19.png,slike_geodesic_max/graf_geodesic_max_mu3_n19.png,R??CCF~O@?A?A?@??A??O?@??A??A?,R?G_?DP?L?@og??P?????_?A??s???,true,false,false,8,4,0,0,0,true,true,true,5,0,3,0,0
20,3,210,618,slike_geodesic_min/graf_geodesic_min_mu3_n20.png,slike_geodesic_max/graf_geodesic_max_mu3_n20.png,S??CCF~O@?A?A?@??A??O?@??A??A??@?,S?G_?DP_D?@og??P?????_?A??S??A?@?,true,false,false,8,4,0,0,0,true,true,true,6,0,3,0,0
21,3,231,693,slike_geodesic_min/graf_geodesic_min_mu3_n21.png,slike_geodesic_max/graf_geodesic_max_mu3_n21.png,T??CCF~O@?A?A?@??A??O?@??A??A??@???O,T?G_?DP_D?@og??P?????_?A??S??A?@A???,true,false,false,8,4,0,0,0,true,true,true,7,0,3,0,0
22,3,253,776,slike_geodesic_min/graf_geodesic_min_mu3_n22.png,slike_geodesic_max/graf_geodesic_max_mu3_n22.png,U??CCF~O@?A?A?@??A??O?@??A??A??@???O??A?,U?G_AD?_??@og??P????O_?A_??_?A_@A???_?C?,true,false,false,8,4,0,0,0,true,true,true,6,0,3,0,0
23,3,276,860,slike_geodesic_min/graf_geodesic_min_mu3_n23.png,slike_geodesic_max/graf_geodesic_max_mu3_n23.png,V??CCF~O@?A?A?@??A??O?@??A??A??@???O??A???G?,V?G_AD?_??@og??P????O_?A_??_?A_@A???_?CC????,true,false,false,8,4,0,0,0,true,true,true,7,0,3,0,0
24,3,300,952,slike_geodesic_min/graf_geodesic_min_mu3_n24.png,slike_geodesic_max/graf_geodesic_max_mu3_n24.png,W??CCF~O@?A?A?@??A??O?@??A??A??@???O??A???G???O,W?G_AD?_??@og??P????O_?A_??_?A_@A???_?C??@?O???,true,false,false,8,4,0,0,0,true,true,true,7,0,3,0,0
25,3,325,1045,slike_geodesic_min/graf_geodesic_min_mu3_n25.png,slike_geodesic_max/graf_geodesic_max_mu3_n25.png,X??CCF~O@?A?A?@??A??O?@??A??A??@???O??A???G???O???O,X?G_AD?_??@og??P????O_?A_??_?A_@A???_?C??@?O???_???,true,false,false,8,4,0,0,0,true,true,true,8,0,3,0,0
26,3,351,1146,slike_geodesic_min/graf_geodesic_min_mu3_n26.png,slike_geodesic_max/graf_geodesic_max_mu3_n26.png,Y??CCF~O@?A?A?@??A??O?@??A??A??@???O??A???G???O???O???G?,Y?G_AD?_??@og??P????O_?A_??_?A_@???@_?C??@?O???_???_????,true,false,false,8,4,0,0,0,true,true,true,8,0,3,0,0
27,3,378,1248,slike_geodesic_min/graf_geodesic_min_mu3_n27.png,slike_geodesic_max/graf_geodesic_max_mu3_n27.png,Z??CCF~O@?A?A?@??A??O?@??A??A??@???O??A???G???O???O???G???A?,Z?G_AD?_??@og??P????O_?A_??_?A_@???@_?C??@?O???_???_???O????,true,false,false,8,4,0,0,0,true,true,true,9,0,3,0,0
28,3,406,1358,slike_geodesic_min/graf_geodesic_min_mu3_n28.png,slike_geodesic_max/graf_geodesic_max_mu3_n28.png,[??CCF~O@?A?A?@??A??O?@??A??A??@???O??A???G???O???O???G???A????O,[?G_AD?_??@og??P????P_?A???_@A_????@_?????GS???_???_???O???C????,true,false,false,8,4,0,0,0,true,true,true,10,0,3,0,0
29,3,435,1469,slike_geodesic_min/graf_geodesic_min_mu3_n29.png,slike_geodesic_max/graf_geodesic_max_mu3_n29.png,\??CCF~O@?A?A?@??A??O?@??A??A??@???O??A???G???O???O???G???A????O???@?,\?G_AD?_??@og??P????P_?A???_@A_????@_?????GS???_???_???O???C????_????,true,false,false,8,4,0,0,0,true,true,true,11,0,3,0,0
30,3,465,1588,slike_geodesic_min/graf_geodesic_min_mu3_n30.png,slike_geodesic_max/graf_geodesic_max_mu3_n30.png,]??CCF~O@?A?A?@??A??O?@??A??A??@???O??A???G???O???O???G???A????O???@????A?,]?G_AD?_??@og??P????P_?A???_@A_????@_?????GS???_???_?????A?C????_???A?????,true,false,false,8,4,0,0,0,true,true,true,11,0,3,0,0
10,4,55,111,slike_geodesic_min/graf_geodesic_min_mu4_n10.png,slike_geodesic_max/graf_geodesic_max_mu4_n10.png,I?AACJ~G?,Il@?WacB?,true,false,false,8,5,0,0,0,false,false,true,4,0,6,0,0
11,4,66,145,slike_geodesic_min/graf_geodesic_min_mu4_n11.png,slike_geodesic_max/graf_geodesic_max_mu4_n11.png,J?AACJ~G?_?,JC`_S?X[OG?,true,false,false,8,5,0,0,0,false,false,true,4,0,6,0,0
12,4,78,182,slike_geodesic_min/graf_geodesic_min_mu4_n12.png,slike_geodesic_max/graf_geodesic_max_mu4_n12.png,K?AACJ~G?_@?,KoOG`_A_R?_W,true,false,false,8,5,0,0,0,false,false,true,4,0,6,0,0
13,4,91,210,slike_geodesic_min/graf_geodesic_min_mu4_n13.png,slike_geodesic_max/graf_geodesic_max_mu4_n13.png,L?AACJ~G?_@??C,LOS_@?_t?F@?_O,true,false,false,8,5,0,0,0,true,false,true,4,0,4,0,0
14,4,105,289,slike_geodesic_min/graf_geodesic_min_mu4_n14.png,slike_geodesic_max/graf_geodesic_max_mu4_n14.png,M?AACJ~G?_@??C?A?,MOS_@?_tGE@?GA?_?,true,false,false,8,5,0,0,0,false,false,true,5,0,5,0,0
15,4,120,356,slike_geodesic_min/graf_geodesic_min_mu4_n15.png,slike_geodesic_max/graf_geodesic_max_mu4_n15.png,N?AACJ~G?_@??C?A??_,N?C`E@?@GSC@GCGCGA?,true,false,false,8,5,0,0,0,false,false,true,5,0,5,0,0
16,4,136,424,slike_geodesic_min/graf_geodesic_min_mu4_n16.png,slike_geodesic_max/graf_geodesic_max_mu4_n16.png,O?AACJ~G?_@??C?A??_?C,O?C`E@?@GSC@GCGCGAC??,true,false,false,8,5,0,0,0,false,false,true,5,0,5,0,0
17,4,153,504,slike_geodesic_min/graf_geodesic_min_mu4_n17.png,slike_geodesic_max/graf_geodesic_max_mu4_n17.png,P?AACJ~G?_@??C?A??_?C??O,P?C`C@?@GSC@OCGCCAE???A?,true,false,false,8,5,0,0,0,false,false,true,5,0,5,0,0
18,4,171,553,slike_geodesic_min/graf_geodesic_min_mu4_n18.png,slike_geodesic_max/graf_geodesic_max_mu4_n18.png,Q?AACJ~G?_@??C?A??_?C??O??_,Qc?P?O?@_??DSCGCC@CO??A?_G?,true,false,false,8,5,0,0,0,true,false,true,4,0,4,0,0
19,4,190,743,slike_geodesic_min/graf_geodesic_min_mu4_n19.png,slike_geodesic_max/graf_geodesic_max_mu4_n19.png,R?AACJ~G?_@??C?A??_?C??O??_??_,R?CPC?O@a???CCGCC@CPG?A?_G???O,true,false,false,8,5,0,0,0,true,true,true,4,0,4,0,0
20,4,210,856,slike_geodesic_min/graf_geodesic_min_mu4_n20.png,slike_geodesic_max/graf_geodesic_max_mu4_n20.png,S?AACJ~G?_@??C?A??_?C??O??_??_??O,S?CS?_?@A???CCGCC@CRG?A?_G???P?_?,true,false,false,8,5,0,0,0,true,true,true,5,0,4,0,0
21,4,231,985,slike_geodesic_min/graf_geodesic_min_mu4_n21.png,slike_geodesic_max/graf_geodesic_max_mu4_n21.png,T?AACJ~G?_@??C?A??_?C??O??_??_??O??C,T?CO?_?@????CCGCC@ERG?A?_G???P?_?AG?,true,false,false,8,5,0,0,0,true,true,true,6,0,4,0,0
22,4,253,1115,slike_geodesic_min/graf_geodesic_min_mu4_n22.png,slike_geodesic_max/graf_geodesic_max_mu4_n22.png,U?AACJ~G?_@??C?A??_?C??O??_??_??O??C???_,U?CO?_?@????CCGCC@ERG?A?_G???P?_?AG???C?,true,false,false,8,5,0,0,0,true,true,true,7,0,4,0,0
23,4,276,1261,slike_geodesic_min/graf_geodesic_min_mu4_n23.png,slike_geodesic_max/graf_geodesic_max_mu4_n23.png,V?AACJ~G?_@??C?A??_?C??O??_??_??O??C???_??A?,V?CO?_?@????CCGCC@ERG?A?_G???P?_?AG???C?C???,true,false,false,8,5,0,0,0,true,true,true,7,0,4,0,0
24,4,300,1408,slike_geodesic_min/graf_geodesic_min_mu4_n24.png,slike_geodesic_max/graf_geodesic_max_mu4_n24.png,W?AACJ~G?_@??C?A??_?C??O??_??_??O??C???_??A???C,W?CO?_?@????CCGCC@ERG?A?_G???P?_?AG???C?C????A?,true,false,false,8,5,0,0,0,true,true,true,8,0,4,0,0
25,4,325,1571,slike_geodesic_min/graf_geodesic_min_mu4_n25.png,slike_geodesic_max/graf_geodesic_max_mu4_n25.png,X?AACJ~G?_@??C?A??_?C??O??_??_??O??C???_??A???C???C,X?CO?_?@????CCGCC@ERG?A?_G???P?_?AG?????C??_?A???C?,true,false,false,8,5,0,0,0,true,true,true,8,0,4,0,0
26,4,351,1735,slike_geodesic_min/graf_geodesic_min_mu4_n26.png,slike_geodesic_max/graf_geodesic_max_mu4_n26.png,Y?AACJ~G?_@??C?A??_?C??O??_??_??O??C???_??A???C???C???A?,Y?CO?_?@????CCGCC@ERG?A?_G???P?_?AG?????C??_?A???C???C??,true,false,false,8,5,0,0,0,true,true,true,9,0,4,0,0
27,4,378,1915,slike_geodesic_min/graf_geodesic_min_mu4_n27.png,slike_geodesic_max/graf_geodesic_max_mu4_n27.png,Z?AACJ~G?_@??C?A??_?C??O??_??_??O??C???_??A???C???C???A????_,Z?CO?_?@????CCGCC@?QG???_G??OP?_?A_?????C?C_?A?o?C???C???A??,true,false,false,8,5,0,0,0,true,true,true,7,0,4,0,0
28,4,406,2096,slike_geodesic_min/graf_geodesic_min_mu4_n28.png,slike_geodesic_max/graf_geodesic_max_mu4_n28.png,[?AACJ~G?_@??C?A??_?C??O??_??_??O??C???_??A???C???C???A????_???C,[?CO?_?@????CCGCC@?QG???_G??OP?_?A_?????C?C_?A?o?C???C???A????_?,true,false,false,8,5,0,0,0,true,true,true,8,0,4,0,0
29,4,435,2293,slike_geodesic_min/graf_geodesic_min_mu4_n29.png,slike_geodesic_max/graf_geodesic_max_mu4_n29.png,\?AACJ~G?_@??C?A??_?C??O??_??_??O??C???_??A???C???C???A????_???C????O,\_?O?_?@?@??CCGCC@?QG???_G??OP?_?A_??G??C?????CO?C?C?C???A????_???C??,true,false,false,8,5,0,0,0,true,true,true,8,0,4,0,0
30,4,465,2491,slike_geodesic_min/graf_geodesic_min_mu4_n30.png,slike_geodesic_max/graf_geodesic_max_mu4_n30.png,]?AACJ~G?_@??C?A??_?C??O??_??_??O??C???_??A???C???C???A????_???C????O????_,]_?O?_?@?@??CCGCC@?QG???_G??OP?_?A_??G??C?????CO?C?C?C???A????_???C????O??,true,false,false,8,5,0,0,0,true,true,true,9,0,4,0,0
10,5,55,126,slike_geodesic_min/graf_geodesic_min_mu5_n10.png,slike_geodesic_max/graf_geodesic_max_mu5_n10.png,I?`@CR~C?,IGcs@aOBW,true,false,false,8,6,0,0,0,false,false,true,4,0,10,0,0
11,5,66,159,slike_geodesic_min/graf_geodesic_min_mu5_n11.png,slike_geodesic_max/graf_geodesic_max_mu5_n11.png,J?`@CR~C??_,J@a?[EAEII?,true,false,false,8,6,0,0,0,false,false,true,4,0,10,0,0
12,5,78,200,slike_geodesic_min/graf_geodesic_min_mu5_n12.png,slike_geodesic_max/graf_geodesic_max_mu5_n12.png,K?`@CR~C??_@,KCiaa?[GCDC?,true,false,false,8,6,0,0,0,false,false,true,4,0,10,0,0
13,5,91,242,slike_geodesic_min/graf_geodesic_min_mu5_n13.png,slike_geodesic_max/graf_geodesic_max_mu5_n13.png,L?`@CR~C??_@?@,LGcGGFOOCg@P?_,true,false,false,8,6,0,0,0,false,false,true,4,0,10,0,0
14,5,105,298,slike_geodesic_min/graf_geodesic_min_mu5_n14.png,slike_geodesic_max/graf_geodesic_max_mu5_n14.png,M?`@CR~C??_@?@??_,M?c?GUO?K_`OWC?G_,true,false,false,8,6,0,0,0,false,false,true,4,0,7,0,0
15,5,120,365,slike_geodesic_min/graf_geodesic_min_mu5_n15.png,slike_geodesic_max/graf_geodesic_max_mu5_n15.png,N?`@CR~C??_@?@??_?G,Na?oOOGOC_@?_C?goAG,true,false,false,8,6,0,0,0,false,false,true,4,0,7,0,0
16,5,136,509,slike_geodesic_min/graf_geodesic_min_mu5_n16.png,slike_geodesic_max/graf_geodesic_max_mu5_n16.png,O?`@CR~C??_@?@??_?G?@,O?Op@_GA@?Q?c?OiO?@_?,true,false,false,8,6,0,0,0,false,false,true,5,0,6,0,0
17,5,153,624,slike_geodesic_min/graf_geodesic_min_mu5_n17.png,slike_geodesic_max/graf_geodesic_max_mu5_n17.png,P?`@CR~C??_@?@??_?G?@??C,P_?p@_GA@?Q?c??iO?@_?A?O,true,false,false,8,6,0,0,0,false,false,true,5,0,6,0,0
18,5,171,759,slike_geodesic_min/graf_geodesic_min_mu5_n18.png,slike_geodesic_max/graf_geodesic_max_mu5_n18.png,Q?`@CR~C??_@?@??_?G?@??C??G,Q??p??GQ@?Q?_O?iQ?@_?A?Oo??,true,false,false,8,6,0,0,0,false,false,true,5,0,6,0,0
19,5,190,899,slike_geodesic_min/graf_geodesic_min_mu5_n19.png,slike_geodesic_max/graf_geodesic_max_mu5_n19.png,R?`@CR~C??_@?@??_?G?@??C??G??G,R?Op_?GO@?Q??C?IQ?@?AA?O_@CA??,true,false,false,8,6,0,0,0,false,false,true,5,0,6,0,0
20,5,210,1059,slike_geodesic_min/graf_geodesic_min_mu5_n20.png,slike_geodesic_max/graf_geodesic_max_mu5_n20.png,S?`@CR~C??_@?@??_?G?@??C??G??G??C,S?Op_?G?@?Q?OC?IQ?@?AA?O_@CA??A??,true,false,false,8,6,0,0,0,false,false,true,5,0,6,0,0
21,5,231,1224,slike_geodesic_min/graf_geodesic_min_mu5_n21.png,slike_geodesic_max/graf_geodesic_max_mu5_n21.png,T?`@CR~C??_@?@??_?G?@??C??G??G??C??@,T?Op_?GO@?Q??C?IO?@?AA?O_@?O?CA?AO??,true,false,false,8,6,0,0,0,false,false,true,5,0,6,0,0
22,5,253,1409,slike_geodesic_min/graf_geodesic_min_mu5_n22.png,slike_geodesic_max/graf_geodesic_max_mu5_n22.png,U?`@CR~C??_@?@??_?G?@??C??G??G??C??@???G,U?Op_?GO@?Q??C?IO????A?O_@?O?CA?aO??G?O?,true,false,false,8,6,0,0,0,false,false,true,5,0,6,0,0
23,5,276,1599,slike_geodesic_min/graf_geodesic_min_mu5_n23.png,slike_geodesic_max/graf_geodesic_max_mu5_n23.png,V?`@CR~C??_@?@??_?G?@??C??G??G??C??@???G???_,V?Opc?GO@?Q??C?IO??A?A?O_@?O???_AO??G?O?A???,true,false,false,8,6,0,0,0,false,false,true,5,0,6,0,0
24,5,300,1809,slike_geodesic_min/graf_geodesic_min_mu5_n24.png,slike_geodesic_max/graf_geodesic_max_mu5_n24.png,W?`@CR~C??_@?@??_?G?@??C??G??G??C??@???G???_??@,W?Op_?GO@?Q?O??I?G???A?Q@?O??G?CAO??G?O???AE???,true,false,false,8,6,0,0,0,false,false,true,5,0,6,0,0
25,5,325,2024,slike_geodesic_min/graf_geodesic_min_mu5_n25.png,slike_geodesic_max/graf_geodesic_max_mu5_n25.png,X?`@CR~C??_@?@??_?G?@??C??G??G??C??@???G???_??@???@,X?O`_?GO@?Q?O?@I?G???A?Q@?O??GO?AO??G?O???AE?????_?,true,false,false,8,6,0,0,0,false,false,true,5,0,6,0,0
26,5,351,2259,slike_geodesic_min/graf_geodesic_min_mu5_n26.png,slike_geodesic_max/graf_geodesic_max_mu5_n26.png,Y?`@CR~C??_@?@??_?G?@??C??G??G??C??@???G???_??@???@????_,Y?O@_?GP@?Q????I?G???A?Q????CG??AO??G?O?AC?E???O?COK????,true,false,false,8,6,0,0,0,false,false,true,5,0,6,0,0
27,5,378,2499,slike_geodesic_min/graf_geodesic_min_mu5_n27.png,slike_geodesic_max/graf_geodesic_max_mu5_n27.png,Z?`@CR~C??_@?@??_?G?@??C??G??G??C??@???G???_??@???@????_???G,Z?OH_?G@@?Q????I?G???A?Q??C?C??_AO??G?O?A?GE?????COK?????C??,true,false,false,8,6,0,0,0,false,false,true,5,0,6,0,0
28,5,406,2759,slike_geodesic_min/graf_geodesic_min_mu5_n28.png,slike_geodesic_max/graf_geodesic_max_mu5_n28.png,[?`@CR~C??_@?@??_?G?@??C??G??G??C??@???G???_??@???@????_???G???@,[?OH_?G@@?Q????I?G???A?Q??C?C??_AO??G?O?A?GE?????COK?????C?????C,true,false,false,8,6,0,0,0,false,false,true,5,0,6,0,0
29,5,435,3024,slike_geodesic_min/graf_geodesic_min_mu5_n29.png,slike_geodesic_max/graf_geodesic_max_mu5_n29.png,\?`@CR~C??_@?@??_?G?@??C??G??G??C??@???G???_??@???@????_???G???@????C,\?OH_?G@@?Q????I?G???A?Q??C?C???AO??G?O?A?GE?????COK?????C?A???C??G??,true,false,false,8,6,0,0,0,false,false,true,5,0,6,0,0
30,5,465,3815,slike_geodesic_min/graf_geodesic_min_mu5_n30.png,slike_geodesic_max/graf_geodesic_max_mu5_n30.png,]?`@CR~C??_@?@??_?G?@??C??G??G??C??@???G???_??@???@????_???G???@????C????G,]?OH_?G???q???O??????A?Q?A?A??@_AO??G?OC?C?E?????C????_??O??O??C?OG?G_@???,true,false,false,8,6,0,0,0,true,true,true,5,0,5,0,0
10,6,55,128,slike_geodesic_min/graf_geodesic_min_mu6_n10.png,slike_geodesic_max/graf_geodesic_max_mu6_n10.png,I?ACKN~O?,I_Kr_WK[?,true,false,false,8,10,0,0,0,false,false,true,4,0,13,0,0
11,6,66,169,slike_geodesic_min/graf_geodesic_min_mu6_n11.png,slike_geodesic_max/graf_geodesic_max_mu6_n11.png,J?ACKN~O@??,JsSIk?CGOT?,true,false,false,8,10,0,0,0,false,false,true,4,0,11,0,0
12,6,78,213,slike_geodesic_min/graf_geodesic_min_mu6_n12.png,slike_geodesic_max/graf_geodesic_max_mu6_n12.png,K?ACKN~O@?A?,K??TOGPkQHEG,true,false,false,8,10,0,0,0,false,false,true,4,0,11,0,0
13,6,91,249,slike_geodesic_min/graf_geodesic_min_mu6_n13.png,slike_geodesic_max/graf_geodesic_max_mu6_n13.png,L?ACKN~O@?A?A?,LG?HAChD?HAao_,true,false,false,8,10,0,0,0,false,false,false,4,2,6,0,0
14,6,105,321,slike_geodesic_min/graf_geodesic_min_mu6_n14.png,slike_geodesic_max/graf_geodesic_max_mu6_n14.png,M?ACKN~O@?A?A??C?,M_?XQCHC?LO?gO@C?,true,false,false,8,10,0,0,0,false,false,true,4,0,8,0,0
15,6,120,442,slike_geodesic_min/graf_geodesic_min_mu6_n15.png,slike_geodesic_max/graf_geodesic_max_mu6_n15.png,N?ACKN~O@?A?A??C?@?,N_?wOCHK?LOG_O@C?A?,true,false,false,8,10,0,0,0,false,false,true,5,0,9,0,0
16,6,136,504,slike_geodesic_min/graf_geodesic_min_mu6_n16.png,slike_geodesic_max/graf_geodesic_max_mu6_n16.png,O?ACKN~O@?A?A??C?@??G,O_?WOCXG?LOG_O@C?a??_,true,false,false,8,10,0,0,0,false,false,true,5,0,9,0,0
17,6,153,678,slike_geodesic_min/graf_geodesic_min_mu6_n17.png,slike_geodesic_max/graf_geodesic_max_mu6_n17.png,P?ACKN~O@?A?A??C?@??G??_,P_GO_CPA?LOG_OGC?aA??@C?,true,false,false,8,10,0,0,0,false,false,true,4,0,8,0,0
18,6,171,860,slike_geodesic_min/graf_geodesic_min_mu6_n18.png,slike_geodesic_max/graf_geodesic_max_mu6_n18.png,Q?ACKN~O@?A?A??C?@??G??_?@?,Q?GO_CPA?LOGo?GC?aCA?@C?_??,true,false,false,8,10,0,0,0,false,false,true,4,0,8,0,0
19,6,190,1043,slike_geodesic_min/graf_geodesic_min_mu6_n19.png,slike_geodesic_max/graf_geodesic_max_mu6_n19.png,R?ACKN~O@?A?A??C?@??G??_?@??@?,R_GOaCPA?LO?_OG??aC??@C?_O??A?,true,false,false,8,10,0,0,0,false,false,true,4,0,8,0,0
20,6,210,1231,slike_geodesic_min/graf_geodesic_min_mu6_n20.png,slike_geodesic_max/graf_geodesic_max_mu6_n20.png,S?ACKN~O@?A?A??C?@??G??_?@??@???_,S_GOaCPA?LO?_OG??aC??@C?_O??AC???,true,false,false,8,10,0,0,0,false,false,true,5,0,8,0,0
21,6,231,1447,slike_geodesic_min/graf_geodesic_min_mu6_n21.png,slike_geodesic_max/graf_geodesic_max_mu6_n21.png,T?ACKN~O@?A?A??C?@??G??_?@??@???_??G,T_GOaCPA?LO?_????aCA?@C?_O@?A@????A?,true,false,false,8,10,0,0,0,false,false,true,4,0,8,0,0
22,6,253,1668,slike_geodesic_min/graf_geodesic_min_mu6_n22.png,slike_geodesic_max/graf_geodesic_max_mu6_n22.png,U?ACKN~O@?A?A??C?@??G??_?@??@???_??G??@?,U_GOaCPA?LO?_????aCA?@C?_O@?A@????A?_???,true,false,false,8,10,0,0,0,false,false,true,5,0,8,0,0
23,6,276,1917,slike_geodesic_min/graf_geodesic_min_mu6_n23.png,slike_geodesic_max/graf_geodesic_max_mu6_n23.png,V?ACKN~O@?A?A??C?@??G??_?@??@???_??G??@???C?,V_GOaCPA?L???@???aCA?@C?_O??A@?A???@_@?????_,true,false,false,8,10,0,0,0,false,false,true,4,0,8,0,0
24,6,300,2171,slike_geodesic_min/graf_geodesic_min_mu6_n24.png,slike_geodesic_max/graf_geodesic_max_mu6_n24.png,W?ACKN~O@?A?A??C?@??G??_?@??@???_??G??@???C???G,W_GOaCPA?L???@???aCA?@C?_O???@?A???@_@?_???c???,true,false,false,8,10,0,0,0,false,false,true,4,0,8,0,0
25,6,325,2453,slike_geodesic_min/graf_geodesic_min_mu6_n25.png,slike_geodesic_max/graf_geodesic_max_mu6_n25.png,X?ACKN~O@?A?A??C?@??G??_?@??@???_??G??@???C???G???G,X_GOaCPA?L???@???aCA?@C?_O???@?A???@_@?_???c???G???,true,false,false,8,10,0,0,0,false,false,true,5,0,8,0,0
26,6,351,2982,slike_geodesic_min/graf_geodesic_min_mu6_n26.png,slike_geodesic_max/graf_geodesic_max_mu6_n26.png,Y?ACKN~O@?A?A??C?@??G??_?@??@???_??G??@???C???G???G???C?,Y_GOaCPA?H???????aCA?@C?_O??G@??A?C??@????@??WGG??@???@?,true,false,false,8,10,0,0,0,true,false,true,5,0,6,0,0
27,6,378,3415,slike_geodesic_min/graf_geodesic_min_mu6_n27.png,slike_geodesic_max/graf_geodesic_max_mu6_n27.png,Z?ACKN~O@?A?A??C?@??G??_?@??@???_??G??@???C???G???G???C???@?,Z_GOaCPA?H???????aCA?@C?_O??G@??A?C??@????@??WGG??@???@????_,true,false,false,8,10,0,0,0,true,false,true,6,0,6,0,0
28,6,406,3849,slike_geodesic_min/graf_geodesic_min_mu6_n28.png,slike_geodesic_max/graf_geodesic_max_mu6_n28.png,[?ACKN~O@?A?A??C?@??G??_?@??@???_??G??@???C???G???G???C???@????G,[_GOaCPA?H???????aCA?@C?_O??G@??A?C??@????@??WGG??@???@????_???G,true,false,false,8,10,0,0,0,true,false,true,7,0,6,0,0
29,6,435,4284,slike_geodesic_min/graf_geodesic_min_mu6_n29.png,slike_geodesic_max/graf_geodesic_max_mu6_n29.png,\?ACKN~O@?A?A??C?@??G??_?@??@???_??G??@???C???G???G???C???@????G????_,\_GOaCPA?H???????aCA?@C?_O??G@??A?C??@????@??WGG??@???@????_???G???@?,true,false,false,8,10,0,0,0,true,false,true,8,0,6,0,0
30,6,465,4767,slike_geodesic_min/graf_geodesic_min_mu6_n30.png,slike_geodesic_max/graf_geodesic_max_mu6_n30.png,]?ACKN~O@?A?A??C?@??G??_?@??@???_??G??@???C???G???G???C???@????G????_???@?,]_GOaCPA?H???????aCA?@C?_O??G@??A?C??@????@??WGG??@???@????_???G???@????G?,true,false,false,8,10,0,0,0,true,false,true,8,0,6,0,0
10,7,55,144,slike_geodesic_min/graf_geodesic_min_mu7_n10.png,slike_geodesic_max/graf_geodesic_max_mu7_n10.png,I?`CSV~G?,IIdGSks__,true,false,false,8,11,0,0,0,false,false,true,4,0,15,0,0
11,7,66,192,slike_geodesic_min/graf_geodesic_min_mu7_n11.png,slike_geodesic_max/graf_geodesic_max_mu7_n11.png,J?`CSV~G?_?,JYCQXe?oOW?,true,false,false,8,11,0,0,0,false,false,true,4,0,15,0,0
12,7,78,256,slike_geodesic_min/graf_geodesic_min_mu7_n12.png,slike_geodesic_max/graf_geodesic_max_mu7_n12.png,K?`CSV~G?_?A,Kc?hAdQGWKo?,true,false,false,8,11,0,0,0,false,false,true,4,0,15,0,0
13,7,91,321,slike_geodesic_min/graf_geodesic_min_mu7_n13.png,slike_geodesic_max/graf_geodesic_max_mu7_n13.png,L?`CSV~G?_?A?A,Lc?hAdQGWKo?@?,true,false,false,8,11,0,0,0,false,false,true,4,0,15,0,0
14,7,105,402,slike_geodesic_min/graf_geodesic_min_mu7_n14.png,slike_geodesic_max/graf_geodesic_max_mu7_n14.png,M?`CSV~G?_?A?A?@?,Mc_`AdQGWKo?@?@??,true,false,false,8,11,0,0,0,false,false,true,4,0,15,0,0
15,7,120,484,slike_geodesic_min/graf_geodesic_min_mu7_n15.png,slike_geodesic_max/graf_geodesic_max_mu7_n15.png,N?`CSV~G?_?A?A?@??O,Nc_`AdQGWKo?@?@?O??,true,false,false,8,11,0,0,0,false,false,true,5,0,15,0,0
16,7,136,582,slike_geodesic_min/graf_geodesic_min_mu7_n16.png,slike_geodesic_max/graf_geodesic_max_mu7_n16.png,O?`CSV~G?_?A?A?@??O?A,Oc?`AdQGWK`?@???__CO?,true,false,false,8,11,0,0,0,false,false,true,4,0,15,0,0
17,7,153,719,slike_geodesic_min/graf_geodesic_min_mu7_n17.png,slike_geodesic_max/graf_geodesic_max_mu7_n17.png,P?`CSV~G?_?A?A?@??O?A??G,Pc?`AdAGWKp?????__O?A@?_,true,false,false,8,11,0,0,0,false,false,true,4,0,12,0,0
18,7,171,796,slike_geodesic_min/graf_geodesic_min_mu7_n18.png,slike_geodesic_max/graf_geodesic_max_mu7_n18.png,Q?`CSV~G?_?A?A?@??O?A??G??O,Qc?`AdQGWKp???@?_?S??@????O,true,false,false,8,11,0,0,0,false,false,true,4,0,15,0,0
19,7,190,1076,slike_geodesic_min/graf_geodesic_min_mu7_n19.png,slike_geodesic_max/graf_geodesic_max_mu7_n19.png,R?`CSV~G?_?A?A?@??O?A??G??O??O,REo`?cQGWKo???@???W??@?GG?O?C?,true,false,false,8,11,0,0,0,false,false,true,4,0,12,0,0
20,7,210,1374,slike_geodesic_min/graf_geodesic_min_mu7_n20.png,slike_geodesic_max/graf_geodesic_max_mu7_n20.png,S?`CSV~G?_?A?A?@??O?A??G??O??O??G,SEo`?cQGWK_??@@???W??@?GG?O?C???_,true,false,false,8,11,0,0,0,false,false,true,4,0,12,0,0
21,7,231,1564,slike_geodesic_min/graf_geodesic_min_mu7_n21.png,slike_geodesic_max/graf_geodesic_max_mu7_n21.png,T?`CSV~G?_?A?A?@??O?A??G??O??O??G??A,TCo`?cQGWG_???@???i??@?GG?O?D???_W??,true,false,false,8,11,0,0,0,false,false,true,4,0,9,0,0
22,7,253,1889,slike_geodesic_min/graf_geodesic_min_mu7_n22.png,slike_geodesic_max/graf_geodesic_max_mu7_n22.png,U?`CSV~G?_?A?A?@??O?A??G??O??O??G??A???O,UCo`?cQGWK?_??????i??@?GG?O?@???_W????_O,true,false,false,8,11,0,0,0,false,false,true,4,0,9,0,0
23,7,276,2219,slike_geodesic_min/graf_geodesic_min_mu7_n23.png,slike_geodesic_max/graf_geodesic_max_mu7_n23.png,V?`CSV~G?_?A?A?@??O?A??G??O??O??G??A???O??@?,VCo`?cQGWK????????i?C@?GG?O?@???_W?????OG@??,true,false,false,8,11,0,0,0,false,false,true,5,0,9,0,0
24,7,300,2570,slike_geodesic_min/graf_geodesic_min_mu7_n24.png,slike_geodesic_max/graf_geodesic_max_mu7_n24.png,W?`CSV~G?_?A?A?@??O?A??G??O??O??G??A???O??@???A,WCo`?cQ?OK_?A?@???i?C@?G??O?????cW????G?G@???C?,true,false,false,8,11,0,0,0,false,false,true,6,0,8,0,0
25,7,325,2986,slike_geodesic_min/graf_geodesic_min_mu7_n25.png,slike_geodesic_max/graf_geodesic_max_mu7_n25.png,X?`CSV~G?_?A?A?@??O?A??G??O??O??G??A???O??@???A???A,XCo`?cQ?OK_?A?@???i?C@?G??O?????cW????G?G@???C???G?,true,false,false,8,11,0,0,0,false,false,true,7,0,8,0,0
26,7,351,3709,slike_geodesic_min/graf_geodesic_min_mu7_n26.png,slike_geodesic_max/graf_geodesic_max_mu7_n26.png,Y?`CSV~G?_?A?A?@??O?A??G??O??O??G??A???O??@???A???A???@?,YCo`?cQC?K???@@???I????GG?O?C_?C_W????G?G@???C?@?G???_??,true,false,false,8,11,0,0,0,false,false,true,6,0,8,0,0
27,7,378,4870,slike_geodesic_min/graf_geodesic_min_mu7_n27.png,slike_geodesic_max/graf_geodesic_max_mu7_n27.png,Z?`CSV~G?_?A?A?@??O?A??G??O??O??G??A???O??@???A???A???@????O,ZCo`?cQ??K???D@???I????GG?O?C_?C_W????G?G@???C?@?G???_???C??,true,false,false,8,11,0,0,0,false,false,true,7,0,8,0,0
28,7,406,6216,slike_geodesic_min/graf_geodesic_min_mu7_n28.png,slike_geodesic_max/graf_geodesic_max_mu7_n28.png,[?`CSV~G?_?A?A?@??O?A??G??O??O??G??A???O??@???A???A???@????O???A,[Co`?cQ??K???C????I??@?GG?O?C_?C_W???@?????_?O?@?G??D?@??C???@??,true,false,false,8,11,0,0,0,true,true,true,5,0,7,0,0
29,7,435,7113,slike_geodesic_min/graf_geodesic_min_mu7_n29.png,slike_geodesic_max/graf_geodesic_max_mu7_n29.png,\?`CSV~G?_?A?A?@??O?A??G??O??O??G??A???O??@???A???A???@????O???A????G,\Co`?cQ??K???C????I??@?GG?O?C_?C_W???@?????_?O?@?G??D?@??C???@????G??,true,false,false,8,11,0,0,0,true,true,true,6,0,7,0,0
30,7,465,8138,slike_geodesic_min/graf_geodesic_min_mu7_n30.png,slike_geodesic_max/graf_geodesic_max_mu7_n30.png,]?`CSV~G?_?A?A?@??O?A??G??O??O??G??A???O??@???A???A???@????O???A????G????O,]Co`?cQ??K???C????I??@?GG?O?C_?C_W???@???G???O?@?G??D?@??C???G????G????_??,true,false,false,8,11,0,0,0,true,true,true,6,0,7,0,0
10,8,55,139,slike_geodesic_min/graf_geodesic_min_mu8_n10.png,slike_geodesic_max/graf_geodesic_max_mu8_n10.png,ICOccf~O?,IaKqYY?co,true,false,false,8,12,0,0,0,false,false,true,4,0,24,0,0
11,8,66,194,slike_geodesic_min/graf_geodesic_min_mu8_n11.png,slike_geodesic_max/graf_geodesic_max_mu8_n11.png,JCOccf~O??_,JQCaSHgYCH_,true,false,false,8,12,0,0,0,false,false,true,4,0,18,0,0
12,8,78,258,slike_geodesic_min/graf_geodesic_min_mu8_n12.png,slike_geodesic_max/graf_geodesic_max_mu8_n12.png,KCOccf~O??_@,KaHcjEO?GYC@,true,false,false,8,12,0,0,0,false,false,true,4,0,18,0,0
13,8,91,319,slike_geodesic_min/graf_geodesic_min_mu8_n13.png,slike_geodesic_max/graf_geodesic_max_mu8_n13.png,LCOccf~O??_@?@,LAdHAAA_kgC?AM,true,false,false,8,12,0,0,0,false,false,false,4,3,12,0,0
14,8,105,423,slike_geodesic_min/graf_geodesic_min_mu8_n14.png,slike_geodesic_max/graf_geodesic_max_mu8_n14.png,MCOccf~O??_@?@??_,MAdHAAA_cgC?AMGC?,true,false,false,8,12,0,0,0,false,false,true,4,0,16,0,0
15,8,120,528,slike_geodesic_min/graf_geodesic_min_mu8_n15.png,slike_geodesic_max/graf_geodesic_max_mu8_n15.png,NCOccf~O??_@?@??_?G,NA`HAAA_cgC?AMGK??_,true,false,false,8,12,0,0,0,false,false,true,4,0,16,0,0
16,8,136,650,slike_geodesic_min/graf_geodesic_min_mu8_n16.png,slike_geodesic_max/graf_geodesic_max_mu8_n16.png,OCOccf~O??_@?@??_?G?@,OA`H?AA__G??AMGKCG_CB,true,false,false,8,12,0,0,0,false,false,true,4,0,16,0,0
17,8,153,780,slike_geodesic_min/graf_geodesic_min_mu8_n17.png,slike_geodesic_max/graf_geodesic_max_mu8_n17.png,PCOccf~O??_@?@??_?G?@??C,PA@H?AA_cG??AMGKCG_CB?O?,true,false,false,8,12,0,0,0,false,false,true,4,0,16,0,0
18,8,171,973,slike_geodesic_min/graf_geodesic_min_mu8_n18.png,slike_geodesic_max/graf_geodesic_max_mu8_n18.png,QCOccf~O??_@?@??_?G?@??C??G,Q?@X?AA_co?_?M?MCG?C@?O?A?_,true,false,false,8,12,0,0,0,false,false,true,5,0,16,0,0
19,8,190,1116,slike_geodesic_min/graf_geodesic_min_mu8_n19.png,slike_geodesic_max/graf_geodesic_max_mu8_n19.png,RCOccf~O??_@?@??_?G?@??C??G??G,R?OW?AA_coK_?M?K?G?CB?O?A?_?G?,true,false,false,8,12,0,0,0,false,false,true,4,0,13,0,0
20,8,210,1606,slike_geodesic_min/graf_geodesic_min_mu8_n20.png,slike_geodesic_max/graf_geodesic_max_mu8_n20.png,SCOccf~O??_@?@??_?G?@??C??G??G??C,S??W?AA_coC_?M?K??AEAOOG??_?G?GO?,true,false,false,8,12,0,0,0,false,false,true,5,0,14,0,0
21,8,231,1875,slike_geodesic_min/graf_geodesic_min_mu8_n21.png,slike_geodesic_max/graf_geodesic_max_mu8_n21.png,TCOccf~O??_@?@??_?G?@??C??G??G??C??@,T??O?AA_c_C_?M?K??AEAQOG_???G?GO?CG?,true,false,false,8,12,0,0,0,false,false,true,5,0,14,0,0
22,8,253,2429,slike_geodesic_min/graf_geodesic_min_mu8_n22.png,slike_geodesic_max/graf_geodesic_max_mu8_n22.png,UCOccf~O??_@?@??_?G?@??C??G??G??C??@???G,U??O?AA_c_C_?M?K??AEAQO??C?O@?GO???_??A_,true,false,false,8,12,0,0,0,false,false,true,4,0,13,0,0
23,8,276,2545,slike_geodesic_min/graf_geodesic_min_mu8_n23.png,slike_geodesic_max/graf_geodesic_max_mu8_n23.png,VCOccf~O??_@?@??_?G?@??C??G??G??C??@???G???_,V??O?AA_c_C_?M?K??AEAQO??C?O??GO???a??Aa????,true,false,false,8,12,0,0,0,false,false,true,4,0,13,0,0
24,8,300,3076,slike_geodesic_min/graf_geodesic_min_mu8_n24.png,slike_geodesic_max/graf_geodesic_max_mu8_n24.png,WCOccf~O??_@?@??_?G?@??C??G??G??C??@???G???_??@,W??O?AA_c_C_?M?K??AEAQO??C?O??GO???a??A__????C?,true,false,false,8,12,0,0,0,false,false,true,4,0,13,0,0
25,8,325,3533,slike_geodesic_min/graf_geodesic_min_mu8_n25.png,slike_geodesic_max/graf_geodesic_max_mu8_n25.png,XCOccf~O??_@?@??_?G?@??C??G??G??C??@???G???_??@???@,X??O?AA_c_C_?M?K??AEAQO??C?O??GO???a??A__????C???G?,true,false,false,8,12,0,0,0,false,false,true,4,0,13,0,0
26,8,351,4035,slike_geodesic_min/graf_geodesic_min_mu8_n26.png,slike_geodesic_max/graf_geodesic_max_mu8_n26.png,YCOccf~O??_@?@??_?G?@??C??G??G??C??@???G???_??@???@????_,Y??O?AA_c_C_?M?K??AEAQO??C?O??GO???A??A__????CO??@????G?,true,false,false,8,12,0,0,0,false,false,true,4,0,13,0,0
27,8,378,4835,slike_geodesic_min/graf_geodesic_min_mu8_n27.png,slike_geodesic_max/graf_geodesic_max_mu8_n27.png,ZCOccf~O??_@?@??_?G?@??C??G??G??C??@???G???_??@???@????_???G,Z??O?AA_c_C_?M?K??AEAQO??C?O??GO???a??A_G?????O??@???G???C??,true,false,false,8,12,0,0,0,false,false,true,4,0,13,0,0
28,8,406,5930,slike_geodesic_min/graf_geodesic_min_mu8_n28.png,slike_geodesic_max/graf_geodesic_max_mu8_n28.png,[COccf~O??_@?@??_?G?@??C??G??G??C??@???G???_??@???@????_???G???@,[??o??A_c_???M?K??AEAQO??C?O??GO???_??A_G?G???????G??G_??CO???@G,true,false,false,8,12,0,0,0,false,false,true,4,0,10,0,0
29,8,435,6694,slike_geodesic_min/graf_geodesic_min_mu8_n29.png,slike_geodesic_max/graf_geodesic_max_mu8_n29.png,\COccf~O??_@?@??_?G?@??C??G??G??C??@???G???_??@???@????_???G???@????C,\??o??A_c_???M?K??AEAQO??C?O??GO???_??A_G?G???????G??G_??CO???@G@????,true,false,false,8,12,0,0,0,false,false,true,5,0,10,0,0
30,8,465,7562,slike_geodesic_min/graf_geodesic_min_mu8_n30.png,slike_geodesic_max/graf_geodesic_max_mu8_n30.png,]COccf~O??_@?@??_?G?@??C??G??G??C??@???G???_??@???@????_???G???@????C????G,]??O??B_c_???E?K??AEAQO?C??O??GO???_??A_??G???C???G??G_??CO@???G??@??CC???,true,false,false,8,12,0,0,0,false,false,true,4,0,10,0,0
